urn:cts:greekLit:tlg5026.msAint.hmt:1.28.comment	false	false	false	"0.00606060606060606"	"0.915151515151515"
urn:cts:greekLit:tlg5026.msAint.hmt:1.29.comment	false	false	false	"0.878260869565217"	"0.00869565217391304"
urn:cts:greekLit:tlg5026.msAint.hmt:1.30.comment	false	false	false	"0.0666666666666667"	"0.0666666666666667"
urn:cts:greekLit:tlg5026.msAint.hmt:1.31.comment	false	false	false	"0.00869565217391304"	"0.00869565217391304"
urn:cts:greekLit:tlg5026.msAint.hmt:1.32.comment	false	false	false	"0.000985221674876847"	"0.000985221674876847"
urn:cts:greekLit:tlg5026.msAint.hmt:1.55.comment	true	false	false	"0.0666666666666667"	"0.0666666666666667"
urn:cts:greekLit:tlg5026.msAint.hmt:1.56.comment	false	false	false	"0.0153846153846154"	"0.0153846153846154"
urn:cts:greekLit:tlg5026.msAint.hmt:1.57.comment	false	false	false	"0.00317460317460317"	"0.00317460317460317"
urn:cts:greekLit:tlg5026.msAint.hmt:1.58.comment	false	false	false	"0.00869565217391304"	"0.00869565217391304"
urn:cts:greekLit:tlg5026.msAint.hmt:1.59.comment	false	false	false	"0.0153846153846154"	"0.0153846153846154"
urn:cts:greekLit:tlg5026.msAint.hmt:1.60.comment	false	false	false	"0.000858369098712446"	"0.000858369098712446"
urn:cts:greekLit:tlg5026.msAint.hmt:1.88.comment	true	false	false	"0.00130718954248366"	"0.00130718954248366"
urn:cts:greekLit:tlg5026.msAint.hmt:1.89.comment	true	false	false	"0.0666666666666667"	"0.0666666666666667"
urn:cts:greekLit:tlg5026.msAint.hmt:1.90.comment	true	true	false	"0.00377358490566038"	"0.569811320754717"
urn:cts:greekLit:tlg5026.msAint.hmt:1.91.comment	true	false	false	"0.00465116279069767"	"0.237209302325581"
urn:cts:greekLit:tlg5026.msAint.hmt:1.92.comment	true	false	false	"0.0153846153846154"	"0.0153846153846154"
urn:cts:greekLit:tlg5026.msAint.hmt:1.113.comment	false	false	false	"0.604819277108434"	"0.12289156626506"
urn:cts:greekLit:tlg5026.msAint.hmt:1.114.comment	false	false	false	"0.00273972602739726"	"0.00273972602739726"
urn:cts:greekLit:tlg5026.msAint.hmt:1.115.comment	false	false	false	"0.934883720930233"	"0.00465116279069767"
urn:cts:greekLit:tlg5026.msAint.hmt:1.141.comment	false	false	false	"0.00606060606060606"	"0.915151515151515"
urn:cts:greekLit:tlg5026.msAint.hmt:1.142.comment	false	false	false	"0.00465116279069767"	"0.00465116279069767"
urn:cts:greekLit:tlg5026.msAint.hmt:1.431.comment	true	false	false	"0.00606060606060606"	"0.00606060606060606"
urn:cts:greekLit:tlg5026.msAint.hmt:1.432.comment	false	false	false	"0.00869565217391304"	"0.00869565217391304"
urn:cts:greekLit:tlg5026.msAint.hmt:1.502.comment	false	false	false	"0.878260869565217"	"0.00869565217391304"
urn:cts:greekLit:tlg5026.msAint.hmt:1.503.comment	false	false	false	"0.878260869565217"	"0.00869565217391304"
urn:cts:greekLit:tlg5026.msAint.hmt:1.504.comment	false	false	false	"0.0666666666666667"	"0.0666666666666667"
urn:cts:greekLit:tlg5026.msAint.hmt:1.505.comment	false	false	false	"0.00317460317460317"	"0.00317460317460317"
urn:cts:greekLit:tlg5026.msAint.hmt:1.506.comment	true	false	false	"0.00606060606060606"	"0.00606060606060606"
urn:cts:greekLit:tlg5026.msAint.hmt:1.568.comment	false	false	false	"0.00606060606060606"	"0.00606060606060606"
urn:cts:greekLit:tlg5026.msAint.hmt:1.569.comment	false	false	false	"0.00869565217391304"	"0.00869565217391304"
urn:cts:greekLit:tlg5026.msAint.hmt:1.570.comment	true	false	false	"0.00869565217391304"	"0.443478260869565"
urn:cts:greekLit:tlg5026.msAint.hmt:1.571.comment	true	false	false	"0.00869565217391304"	"0.00869565217391304"
urn:cts:greekLit:tlg5026.msAint.hmt:1.572.comment	true	true	false	"0.00606060606060606"	"0.612121212121212"
urn:cts:greekLit:tlg5026.msAint.hmt:1.616.comment	false	false	false	"0.0153846153846154"	"0.0153846153846154"
urn:cts:greekLit:tlg5026.msAint.hmt:1.617.comment	true	false	false	"0.00606060606060606"	"0.00606060606060606"
urn:cts:greekLit:tlg5026.msAint.hmt:1.618.comment	false	false	false	"0.00606060606060606"	"0.00606060606060606"
urn:cts:greekLit:tlg5026.msAint.hmt:1.619.comment	false	false	false	"0.0153846153846154"	"0.0153846153846154"
urn:cts:greekLit:tlg5026.msAint.hmt:1.672.comment	false	false	false	"0.0153846153846154"	"0.0153846153846154"
urn:cts:greekLit:tlg5026.msAint.hmt:1.673.comment	false	false	false	"0.878260869565217"	"0.00869565217391304"
urn:cts:greekLit:tlg5026.msAint.hmt:1.739.comment	false	false	false	"0.0666666666666667"	"0.0666666666666667"
urn:cts:greekLit:tlg5026.msAint.hmt:1.740.comment	false	false	false	"0.309090909090909"	"0.00606060606060606"
urn:cts:greekLit:tlg5026.msAint.hmt:1.741.comment	false	false	false	"0.0153846153846154"	"0.0153846153846154"
urn:cts:greekLit:tlg5026.msAint.hmt:1.742.comment	false	false	false	"0.0153846153846154"	"0.0153846153846154"
urn:cts:greekLit:tlg5026.msAint.hmt:1.808.comment	false	false	false	"0.0153846153846154"	"0.0153846153846154"
urn:cts:greekLit:tlg5026.msAint.hmt:1.809.comment	false	false	false	"0.0666666666666667"	"0.0666666666666667"
urn:cts:greekLit:tlg5026.msAint.hmt:1.810.comment	true	false	false	"0.00869565217391304"	"0.00869565217391304"
urn:cts:greekLit:tlg5026.msAint.hmt:1.877.comment	false	false	false	"0.00465116279069767"	"0.00465116279069767"
urn:cts:greekLit:tlg5026.msAint.hmt:1.878.comment	false	false	false	"0.00869565217391304"	"0.00869565217391304"
urn:cts:greekLit:tlg5026.msAint.hmt:1.942.comment	false	false	false	"0.0666666666666667"	"0.0666666666666667"
urn:cts:greekLit:tlg5026.msAint.hmt:1.943.comment	false	false	false	"0.784615384615385"	"0.0153846153846154"
urn:cts:greekLit:tlg5026.msAint.hmt:1.1002.comment	false	false	false	"0.00869565217391304"	"0.00869565217391304"
urn:cts:greekLit:tlg5026.msAint.hmt:1.1003.comment	true	false	false	"0.00465116279069767"	"0.00465116279069767"
urn:cts:greekLit:tlg5026.msAint.hmt:1.1076.comment	true	false	false	"0.00465116279069767"	"0.00465116279069767"
urn:cts:greekLit:tlg5026.msAint.hmt:1.1077.comment	false	false	false	"0.00869565217391304"	"0.00869565217391304"
urn:cts:greekLit:tlg5026.msAint.hmt:1.1078.comment	true	false	false	"0.612121212121212"	"0.309090909090909"
urn:cts:greekLit:tlg5026.msAint.hmt:1.1136.comment	false	false	false	"0.00606060606060606"	"0.00606060606060606"
urn:cts:greekLit:tlg5026.msAint.hmt:1.1137.comment	true	false	false	"0.0153846153846154"	"0.0153846153846154"
urn:cts:greekLit:tlg5026.msAint.hmt:1.1190.comment	false	false	false	"0.00465116279069767"	"0.00465116279069767"
urn:cts:greekLit:tlg5026.msAint.hmt:1.1239.comment	false	false	false	"0.00465116279069767"	"0.00465116279069767"
urn:cts:greekLit:tlg5026.msAint.hmt:1.1240.comment	false	false	false	"0.00869565217391304"	"0.443478260869565"
urn:cts:greekLit:tlg5026.msAint.hmt:1.1294.comment	false	false	false	"0.00606060606060606"	"0.00606060606060606"
urn:cts:greekLit:tlg5026.msAint.hmt:1.1349.comment	false	false	false	"0.00465116279069767"	"0.00465116279069767"
urn:cts:greekLit:tlg5026.msAint.hmt:1.1455.comment	false	false	false	"0.0153846153846154"	"0.0153846153846154"
urn:cts:greekLit:tlg5026.msAint.hmt:1.1456.comment	false	false	false	"0.00465116279069767"	"0.00465116279069767"
urn:cts:greekLit:tlg5026.msAint.hmt:1.1503.comment	false	true	false	"0.796825396825397"	"0.00317460317460317"
urn:cts:greekLit:tlg5026.msAint.hmt:1.1405.comment	false	false	false	"0.00869565217391304"	"0.443478260869565"
urn:cts:greekLit:tlg5026.msAint.hmt:1.1406.comment	false	false	false	"0.0153846153846154"	"0.0153846153846154"
urn:cts:greekLit:tlg5026.msAint.hmt:1.1407.comment	true	true	false	"0.00377358490566038"	"0.947169811320755"
urn:cts:greekLit:tlg5026.msAint.hmt:1.1408.comment	false	false	false	"0.00465116279069767"	"0.00465116279069767"
urn:cts:greekLit:tlg5026.msAint.hmt:2.13.comment	false	false	false	"0.00606060606060606"	"0.00606060606060606"
urn:cts:greekLit:tlg5026.msAint.hmt:2.14.comment	true	false	false	"0.00606060606060606"	"0.00606060606060606"
urn:cts:greekLit:tlg5026.msAint.hmt:2.15.comment	true	false	false	"0.00869565217391304"	"0.00869565217391304"
urn:cts:greekLit:tlg5026.msAint.hmt:2.32.comment	false	false	false	"0.0153846153846154"	"0.0153846153846154"
urn:cts:greekLit:tlg5026.msAint.hmt:2.33.comment	false	false	false	"0.0153846153846154"	"0.0153846153846154"
urn:cts:greekLit:tlg5026.msAint.hmt:2.72.comment	false	false	false	"0.00869565217391304"	"0.00869565217391304"
urn:cts:greekLit:tlg5026.msAint.hmt:2.73.comment	false	false	false	"0.00606060606060606"	"0.00606060606060606"
urn:cts:greekLit:tlg5026.msAint.hmt:2.74.comment	true	false	false	"0.00465116279069767"	"0.00465116279069767"
urn:cts:greekLit:tlg5026.msAint.hmt:2.109.comment	true	false	false	"0.00869565217391304"	"0.443478260869565"
urn:cts:greekLit:tlg5026.msAint.hmt:2.110.comment	false	false	false	"0.00606060606060606"	"0.915151515151515"
urn:cts:greekLit:tlg5026.msAint.hmt:2.111.comment	true	false	false	"0.00869565217391304"	"0.00869565217391304"
urn:cts:greekLit:tlg5026.msAint.hmt:2.139.comment	true	false	false	"0.784615384615385"	"0.0153846153846154"
urn:cts:greekLit:tlg5026.msAint.hmt:2.140.comment	true	false	false	"0.00317460317460317"	"0.00317460317460317"
urn:cts:greekLit:tlg5026.msAint.hmt:2.141.comment	false	false	false	"0.0153846153846154"	"0.0153846153846154"
urn:cts:greekLit:tlg5026.msAint.hmt:2.142.comment	false	false	false	"0.00317460317460317"	"0.00317460317460317"
urn:cts:greekLit:tlg5026.msAint.hmt:2.143.comment	false	false	false	"0.00194174757281553"	"0.00194174757281553"
urn:cts:greekLit:tlg5026.msAint.hmt:2.144.comment	false	false	false	"0.00377358490566038"	"0.00377358490566038"
urn:cts:greekLit:tlg5026.msAint.hmt:2.145.comment	false	false	false	"0.0666666666666667"	"0.0666666666666667"
urn:cts:greekLit:tlg5026.msAint.hmt:2.146.comment	true	false	false	"0.00194174757281553"	"0.00194174757281553"
urn:cts:greekLit:tlg5026.msAint.hmt:2.193.comment	true	false	false	"0.0153846153846154"	"0.0153846153846154"
urn:cts:greekLit:tlg5026.msAint.hmt:2.194.comment	false	false	false	"0.00869565217391304"	"0.00869565217391304"
urn:cts:greekLit:tlg5026.msAint.hmt:2.195.comment	false	false	false	"0.00869565217391304"	"0.00869565217391304"
urn:cts:greekLit:tlg5026.msAint.hmt:2.196.comment	true	false	false	"0.00465116279069767"	"0.00465116279069767"
urn:cts:greekLit:tlg5026.msAint.hmt:2.242.comment	true	false	false	"0.00606060606060606"	"0.915151515151515"
urn:cts:greekLit:tlg5026.msAint.hmt:2.243.comment	false	false	false	"0.00869565217391304"	"0.00869565217391304"
urn:cts:greekLit:tlg5026.msAint.hmt:2.244.comment	false	false	false	"0.0153846153846154"	"0.0153846153846154"
urn:cts:greekLit:tlg5026.msAint.hmt:2.245.comment	false	false	false	"0.0153846153846154"	"0.0153846153846154"
urn:cts:greekLit:tlg5026.msAint.hmt:2.246.comment	false	false	false	"0.00273972602739726"	"0.00273972602739726"
urn:cts:greekLit:tlg5026.msAint.hmt:2.285.comment	true	false	false	"0.00606060606060606"	"0.00606060606060606"
urn:cts:greekLit:tlg5026.msAint.hmt:2.286.comment	true	false	false	"0.00606060606060606"	"0.00606060606060606"
urn:cts:greekLit:tlg5026.msAint.hmt:2.287.comment	true	false	false	"0.00606060606060606"	"0.00606060606060606"
urn:cts:greekLit:tlg5026.msAint.hmt:2.288.comment	false	false	false	"0.00465116279069767"	"0.00465116279069767"
urn:cts:greekLit:tlg5026.msAint.hmt:2.289.comment	false	false	false	"0.0153846153846154"	"0.0153846153846154"
urn:cts:greekLit:tlg5026.msAint.hmt:2.290.comment	false	false	false	"0.161904761904762"	"0.00317460317460317"
urn:cts:greekLit:tlg5026.msAint.hmt:2.291.comment	false	false	false	"0.309090909090909"	"0.00606060606060606"
urn:cts:greekLit:tlg5026.msAint.hmt:2.331.comment	false	false	false	"0.00869565217391304"	"0.00869565217391304"
urn:cts:greekLit:tlg5026.msAint.hmt:2.332.comment	true	false	false	"0.00377358490566038"	"0.00377358490566038"
urn:cts:greekLit:tlg5026.msAint.hmt:2.333.comment	false	false	false	"0.00317460317460317"	"0.00317460317460317"
urn:cts:greekLit:tlg5026.msAint.hmt:2.334.comment	false	false	false	"0.00869565217391304"	"0.00869565217391304"
urn:cts:greekLit:tlg5026.msAint.hmt:2.335.comment	false	false	false	"0.00317460317460317"	"0.00317460317460317"
urn:cts:greekLit:tlg5026.msAint.hmt:2.336.comment	false	false	false	"0.612121212121212"	"0.00606060606060606"
urn:cts:greekLit:tlg5026.msAint.hmt:2.337.comment	false	false	false	"0.00606060606060606"	"0.00606060606060606"
urn:cts:greekLit:tlg5026.msAint.hmt:2.338.comment	false	false	false	"0.0153846153846154"	"0.0153846153846154"
urn:cts:greekLit:tlg5026.msAint.hmt:2.339.comment	false	false	false	"0.00606060606060606"	"0.915151515151515"
urn:cts:greekLit:tlg5026.msAint.hmt:2.340.comment	false	false	false	"0.00606060606060606"	"0.00606060606060606"
urn:cts:greekLit:tlg5026.msAint.hmt:2.394.comment	true	false	false	"0.00377358490566038"	"0.00377358490566038"
urn:cts:greekLit:tlg5026.msAint.hmt:2.395.comment	false	false	false	"0.569811320754717"	"0.00377358490566038"
urn:cts:greekLit:tlg5026.msAint.hmt:2.396.comment	true	false	false	"0.0153846153846154"	"0.0153846153846154"
urn:cts:greekLit:tlg5026.msAint.hmt:2.440.comment	true	false	false	"0.00869565217391304"	"0.00869565217391304"
urn:cts:greekLit:tlg5026.msAint.hmt:2.461.comment	true	false	false	"0.00869565217391304"	"0.00869565217391304"
urn:cts:greekLit:tlg5026.msAint.hmt:2.462.comment	false	false	false	"0.00465116279069767"	"0.00465116279069767"
urn:cts:greekLit:tlg5026.msAint.hmt:2.500.comment	false	false	false	"0.00869565217391304"	"0.00869565217391304"
urn:cts:greekLit:tlg5026.msAint.hmt:2.501.comment	false	false	false	"0.0153846153846154"	"0.0153846153846154"
urn:cts:greekLit:tlg5026.msAint.hmt:2.541.comment	false	false	false	"0.0666666666666667"	"0.0666666666666667"
urn:cts:greekLit:tlg5026.msAint.hmt:2.542.comment	false	false	false	"0.0153846153846154"	"0.0153846153846154"
urn:cts:greekLit:tlg5026.msAint.hmt:2.561.comment	false	false	false	"0.00606060606060606"	"0.00606060606060606"
urn:cts:greekLit:tlg5026.msAint.hmt:2.562.comment	false	false	false	"0.00317460317460317"	"0.00317460317460317"
urn:cts:greekLit:tlg5026.msAint.hmt:2.563.comment	false	false	false	"0.0153846153846154"	"0.0153846153846154"
urn:cts:greekLit:tlg5026.msAint.hmt:2.564.comment	false	false	false	"0.00606060606060606"	"0.309090909090909"
urn:cts:greekLit:tlg5026.msAint.hmt:2.565.comment	false	false	false	"0.00273972602739726"	"0.00273972602739726"
urn:cts:greekLit:tlg5026.msAint.hmt:2.582.comment	false	false	false	"0.00606060606060606"	"0.00606060606060606"
urn:cts:greekLit:tlg5026.msAint.hmt:2.661.comment	false	false	false	"0.00869565217391304"	"0.00869565217391304"
urn:cts:greekLit:tlg5026.msAint.hmt:2.684.comment	false	false	false	"0.0666666666666667"	"0.0666666666666667"
urn:cts:greekLit:tlg5026.msAint.hmt:2.702.comment	false	false	false	"0.0153846153846154"	"0.0153846153846154"
urn:cts:greekLit:tlg5026.msAint.hmt:2.703.comment	false	false	false	"0.612121212121212"	"0.00606060606060606"
urn:cts:greekLit:tlg5026.msAint.hmt:2.712.comment	false	false	false	"0.00869565217391304"	"0.00869565217391304"
urn:cts:greekLit:tlg5026.msAint.hmt:2.713.comment	false	false	false	"0.915151515151515"	"0.00606060606060606"
urn:cts:greekLit:tlg5026.msAint.hmt:2.749.comment	false	false	false	"0.192452830188679"	"0.00377358490566038"
urn:cts:greekLit:tlg5026.msAint.hmt:2.770.comment	false	false	false	"0.00869565217391304"	"0.00869565217391304"
urn:cts:greekLit:tlg5026.msAint.hmt:2.771.comment	true	false	false	"0.00869565217391304"	"0.00869565217391304"
urn:cts:greekLit:tlg5026.msAint.hmt:2.801.comment	true	true	false	"0.00869565217391304"	"0.878260869565217"
urn:cts:greekLit:tlg5026.msAint.hmt:3.4.comment	false	false	false	"0.00465116279069767"	"0.00465116279069767"
urn:cts:greekLit:tlg5026.msAint.hmt:3.22.comment	true	false	false	"0.758490566037736"	"0.00377358490566038"
urn:cts:greekLit:tlg5026.msAint.hmt:3.28.comment	true	false	false	"0.784615384615385"	"0.0153846153846154"
urn:cts:greekLit:tlg5026.msAint.hmt:3.31.comment	false	false	false	"0.00273972602739726"	"0.00273972602739726"
urn:cts:greekLit:tlg5026.msAint.hmt:3.43.comment	true	false	false	"0.00273972602739726"	"0.00273972602739726"
urn:cts:greekLit:tlg5026.msAint.hmt:3.49.comment	false	false	false	"0.00465116279069767"	"0.00465116279069767"
urn:cts:greekLit:tlg5026.msAint.hmt:3.55.comment	true	false	false	"0.00273972602739726"	"0.00273972602739726"
urn:cts:greekLit:tlg5026.msAint.hmt:3.72.comment	false	false	false	"0.0153846153846154"	"0.0153846153846154"
urn:cts:greekLit:tlg5026.msAint.hmt:3.165.comment	true	false	false	"0.0153846153846154"	"0.0153846153846154"
urn:cts:greekLit:tlg5026.msAint.hmt:3.176.comment	true	false	false	"0.00606060606060606"	"0.00606060606060606"
urn:cts:greekLit:tlg5026.msAint.hmt:3.192.comment	true	false	false	"0.0153846153846154"	"0.0153846153846154"
urn:cts:greekLit:tlg5026.msAint.hmt:3.692.comment	true	false	false	"0.192452830188679"	"0.00377358490566038"
urn:cts:greekLit:tlg5026.msAint.hmt:3.209.comment	false	false	false	"0.0153846153846154"	"0.0153846153846154"
urn:cts:greekLit:tlg5026.msAint.hmt:3.250.comment	true	false	true	"0.00869565217391304"	"0.878260869565217"
urn:cts:greekLit:tlg5026.msAint.hmt:3.259.comment	false	false	false	"0.00869565217391304"	"0.00869565217391304"
urn:cts:greekLit:tlg5026.msAint.hmt:3.260.comment	false	false	false	"0.00606060606060606"	"0.00606060606060606"
urn:cts:greekLit:tlg5026.msAint.hmt:3.262.comment	false	false	false	"0.00869565217391304"	"0.00869565217391304"
urn:cts:greekLit:tlg5026.msAint.hmt:3.268.comment	true	false	false	"0.915151515151515"	"0.00606060606060606"
urn:cts:greekLit:tlg5026.msAint.hmt:3.287.comment	false	false	false	"0.00869565217391304"	"0.00869565217391304"
urn:cts:greekLit:tlg5026.msAint.hmt:3.241.comment	false	false	false	"0.0666666666666667"	"0.0666666666666667"
urn:cts:greekLit:tlg5026.msAint.hmt:3.322.comment	true	false	false	"0.00869565217391304"	"0.00869565217391304"
urn:cts:greekLit:tlg5026.msAint.hmt:3.327.comment	true	false	false	"0.758490566037736"	"0.00377358490566038"
urn:cts:greekLit:tlg5026.msAint.hmt:3.343.comment	false	false	false	"0.00317460317460317"	"0.00317460317460317"
urn:cts:greekLit:tlg5026.msAint.hmt:3.387.comment	true	false	false	"0.00377358490566038"	"0.00377358490566038"
urn:cts:greekLit:tlg5026.msAint.hmt:3.394.comment	false	false	false	"0.915151515151515"	"0.00606060606060606"
urn:cts:greekLit:tlg5026.msAint.hmt:3.397.comment	false	false	false	"0.961643835616438"	"0.00273972602739726"
urn:cts:greekLit:tlg5026.msAint.hmt:3.403.comment	true	false	false	"0.612121212121212"	"0.00606060606060606"
urn:cts:greekLit:tlg5026.msAint.hmt:3.469.comment	false	false	false	"0.0153846153846154"	"0.0153846153846154"
urn:cts:greekLit:tlg5026.msAint.hmt:3.478.comment	false	false	false	"0.612121212121212"	"0.00606060606060606"
urn:cts:greekLit:tlg5026.msAint.hmt:3.504.comment	false	false	false	"0.00869565217391304"	"0.00869565217391304"
urn:cts:greekLit:tlg5026.msAint.hmt:3.754.comment	true	false	false	"0.00606060606060606"	"0.612121212121212"
urn:cts:greekLit:tlg5026.msAint.hmt:3.532.comment	false	false	false	"0.00869565217391304"	"0.00869565217391304"
urn:cts:greekLit:tlg5026.msAint.hmt:3.545.comment	false	false	false	"0.784615384615385"	"0.0153846153846154"
urn:cts:greekLit:tlg5026.msAint.hmt:3.608.comment	true	false	false	"0.915151515151515"	"0.00606060606060606"
urn:cts:greekLit:tlg5026.msAint.hmt:3.639.comment	true	false	false	"0.00869565217391304"	"0.00869565217391304"
urn:cts:greekLit:tlg5026.msAint.hmt:4.791.comment	false	false	false	"0.00869565217391304"	"0.00869565217391304"
urn:cts:greekLit:tlg5026.msAint.hmt:4.68.comment	false	false	false	"0.00606060606060606"	"0.00606060606060606"
urn:cts:greekLit:tlg5026.msAint.hmt:4.165.comment	true	false	false	"0.0153846153846154"	"0.0153846153846154"
urn:cts:greekLit:tlg5026.msAint.hmt:4.187.comment	false	false	false	"0.443478260869565"	"0.00869565217391304"
urn:cts:greekLit:tlg5026.msAint.hmt:4.805.comment	false	false	false	"0.0666666666666667"	"0.0666666666666667"
urn:cts:greekLit:tlg5026.msAint.hmt:4.235.comment	true	false	false	"0.758490566037736"	"0.00377358490566038"
urn:cts:greekLit:tlg5026.msAint.hmt:4.242.comment	true	false	false	"0.00317460317460317"	"0.00317460317460317"
urn:cts:greekLit:tlg5026.msAint.hmt:4.260.comment	false	false	false	"0.00317460317460317"	"0.00317460317460317"
urn:cts:greekLit:tlg5026.msAint.hmt:4.263.comment	false	false	false	"0.0153846153846154"	"0.0153846153846154"
urn:cts:greekLit:tlg5026.msAint.hmt:4.266.comment	false	false	false	"0.309090909090909"	"0.309090909090909"
urn:cts:greekLit:tlg5026.msAint.hmt:4.275.comment	false	false	false	"0.00606060606060606"	"0.00606060606060606"
urn:cts:greekLit:tlg5026.msAint.hmt:4.282.comment	true	false	false	"0.00465116279069767"	"0.00465116279069767"
urn:cts:greekLit:tlg5026.msAint.hmt:4.300.comment	true	false	false	"0.00465116279069767"	"0.00465116279069767"
urn:cts:greekLit:tlg5026.msAint.hmt:4.313.comment	true	false	false	"0.00606060606060606"	"0.00606060606060606"
urn:cts:greekLit:tlg5026.msAint.hmt:4.339.comment	false	false	false	"0.00465116279069767"	"0.00465116279069767"
urn:cts:greekLit:tlg5026.msAint.hmt:4.1001.comment	false	false	false	"0.0666666666666667"	"0.0666666666666667"
urn:cts:greekLit:tlg5026.msAint.hmt:4.410.comment	false	false	false	"0.878260869565217"	"0.00869565217391304"
urn:cts:greekLit:tlg5026.msAint.hmt:4.434.comment	true	false	false	"0.00869565217391304"	"0.00869565217391304"
urn:cts:greekLit:tlg5026.msAint.hmt:4.479.comment	false	false	false	"0.00465116279069767"	"0.00465116279069767"
urn:cts:greekLit:tlg5026.msAint.hmt:4.482.comment	false	false	false	"0.443478260869565"	"0.00869565217391304"
urn:cts:greekLit:tlg5026.msAint.hmt:4.486.comment	false	false	false	"0.00377358490566038"	"0.947169811320755"
urn:cts:greekLit:tlg5026.msAint.hmt:4.542.comment	true	true	false	"0.00606060606060606"	"0.915151515151515"
urn:cts:greekLit:tlg5026.msAint.hmt:4.592.comment	true	false	false	"0.00240963855421687"	"0.00240963855421687"
urn:cts:greekLit:tlg5026.msAint.hmt:4.602.comment	false	false	false	"0.00869565217391304"	"0.00869565217391304"
urn:cts:greekLit:tlg5026.msAint.hmt:4.636.comment	true	false	false	"0.00869565217391304"	"0.00869565217391304"
urn:cts:greekLit:tlg5026.msAint.hmt:4.673.comment	true	false	false	"0.00465116279069767"	"0.00465116279069767"
urn:cts:greekLit:tlg5026.msAint.hmt:4.678.comment	false	false	false	"0.00869565217391304"	"0.00869565217391304"
urn:cts:greekLit:tlg5026.msAint.hmt:4.684.comment	true	false	false	"0.00465116279069767"	"0.00465116279069767"
urn:cts:greekLit:tlg5026.msAint.hmt:4.690.comment	true	false	false	"0.00606060606060606"	"0.309090909090909"
urn:cts:greekLit:tlg5026.msAint.hmt:4.726.comment	true	false	false	"0.00465116279069767"	"0.00465116279069767"
urn:cts:greekLit:tlg5026.msAint.hmt:4.734.comment	false	false	false	"0.0666666666666667"	"0.0666666666666667"
urn:cts:greekLit:tlg5026.msAint.hmt:4.740.comment	true	false	false	"0.00869565217391304"	"0.00869565217391304"
urn:cts:greekLit:tlg5026.msAint.hmt:4.774.comment	true	false	false	"0.00606060606060606"	"0.00606060606060606"
urn:cts:greekLit:tlg5026.msAint.hmt:4.782.comment	true	false	false	"0.00606060606060606"	"0.00606060606060606"
urn:cts:greekLit:tlg5026.msAint.hmt:5.4011.comment	false	false	false	"0.878260869565217"	"0.00869565217391304"
urn:cts:greekLit:tlg5026.msAint.hmt:5.4012.comment	false	false	false	"0.00606060606060606"	"0.00606060606060606"
urn:cts:greekLit:tlg5026.msAint.hmt:5.4013.comment	true	false	false	"0.0666666666666667"	"0.0666666666666667"
urn:cts:greekLit:tlg5026.msAint.hmt:5.4014.comment	true	false	false	"0.0153846153846154"	"0.0153846153846154"
urn:cts:greekLit:tlg5026.msAint.hmt:5.4015.comment	true	false	false	"0.878260869565217"	"0.00869565217391304"
urn:cts:greekLit:tlg5026.msAint.hmt:5.2027.comment	true	false	false	"0.00465116279069767"	"0.934883720930233"
urn:cts:greekLit:tlg5026.msAint.hmt:5.2042.comment	false	false	false	"0.00869565217391304"	"0.00869565217391304"
urn:cts:greekLit:tlg5026.msAint.hmt:5.2043.comment	true	false	false	"0.00606060606060606"	"0.00606060606060606"
urn:cts:greekLit:tlg5026.msAint.hmt:5.3008.comment	true	false	false	"0.0153846153846154"	"0.0153846153846154"
urn:cts:greekLit:tlg5026.msAint.hmt:5.4069.comment	true	false	false	"0.00869565217391304"	"0.00869565217391304"
urn:cts:greekLit:tlg5026.msAint.hmt:5.4070.comment	false	false	false	"0.00869565217391304"	"0.00869565217391304"
urn:cts:greekLit:tlg5026.msAint.hmt:5.4071.comment	false	false	false	"0.0153846153846154"	"0.0153846153846154"
urn:cts:greekLit:tlg5026.msAint.hmt:5.4072.comment	false	false	false	"0.00606060606060606"	"0.00606060606060606"
urn:cts:greekLit:tlg5026.msAint.hmt:5.4073.comment	false	false	false	"0.00869565217391304"	"0.00869565217391304"
urn:cts:greekLit:tlg5026.msAint.hmt:5.4074.comment	true	false	false	"0.00606060606060606"	"0.00606060606060606"
urn:cts:greekLit:tlg5026.msAint.hmt:5.4075.comment	true	false	false	"0.00606060606060606"	"0.00606060606060606"
urn:cts:greekLit:tlg5026.msAint.hmt:5.4076.comment	false	false	false	"0.0016260162601626"	"0.0016260162601626"
urn:cts:greekLit:tlg5026.msAint.hmt:5.5008.comment	true	false	false	"0.161904761904762"	"0.00317460317460317"
urn:cts:greekLit:tlg5026.msAint.hmt:5.5029.comment	false	false	false	"0.784615384615385"	"0.0153846153846154"
urn:cts:greekLit:tlg5026.msAint.hmt:5.5030.comment	false	false	false	"0.0153846153846154"	"0.0153846153846154"
urn:cts:greekLit:tlg5026.msAint.hmt:5.6000.comment	false	false	false	"0.00869565217391304"	"0.00869565217391304"
urn:cts:greekLit:tlg5026.msAint.hmt:5.6001.comment	true	false	false	"0.0153846153846154"	"0.0153846153846154"
urn:cts:greekLit:tlg5026.msAint.hmt:5.6002.comment	true	false	false	"0.00465116279069767"	"0.00465116279069767"
urn:cts:greekLit:tlg5026.msAint.hmt:5.6018.comment	true	false	false	"0.0153846153846154"	"0.0153846153846154"
urn:cts:greekLit:tlg5026.msAint.hmt:5.6019.comment	false	false	false	"0.00869565217391304"	"0.00869565217391304"
urn:cts:greekLit:tlg5026.msAint.hmt:5.6025.comment	true	false	false	"0.784615384615385"	"0.0153846153846154"
urn:cts:greekLit:tlg5026.msAint.hmt:5.6028.comment	false	false	false	"0.00869565217391304"	"0.00869565217391304"
urn:cts:greekLit:tlg5026.msAint.hmt:5.6029.comment	true	false	false	"0.00869565217391304"	"0.00869565217391304"
urn:cts:greekLit:tlg5026.msAint.hmt:5.6030.comment	false	false	false	"0.00869565217391304"	"0.00869565217391304"
urn:cts:greekLit:tlg5026.msAint.hmt:5.6040.comment	false	false	false	"0.0153846153846154"	"0.0153846153846154"
urn:cts:greekLit:tlg5026.msAint.hmt:5.6046.comment	true	false	false	"0.0666666666666667"	"0.0666666666666667"
urn:cts:greekLit:tlg5026.msAint.hmt:5.6047.comment	true	false	false	"0.00869565217391304"	"0.00869565217391304"
urn:cts:greekLit:tlg5026.msAint.hmt:5.6048.comment	true	false	false	"0.00465116279069767"	"0.00465116279069767"
urn:cts:greekLit:tlg5026.msAint.hmt:5.6049.comment	true	false	false	"0.0153846153846154"	"0.0153846153846154"
urn:cts:greekLit:tlg5026.msAint.hmt:5.6050.comment	false	false	false	"0.00869565217391304"	"0.00869565217391304"
urn:cts:greekLit:tlg5026.msAint.hmt:5.6060.comment	true	false	false	"0.00606060606060606"	"0.00606060606060606"
urn:cts:greekLit:tlg5026.msAint.hmt:5.6061.comment	true	false	false	"0.00869565217391304"	"0.00869565217391304"
urn:cts:greekLit:tlg5026.msAint.hmt:5.6062.comment	true	false	false	"0.00869565217391304"	"0.00869565217391304"
urn:cts:greekLit:tlg5026.msAint.hmt:5.6063.comment	false	false	false	"0.00377358490566038"	"0.00377358490566038"
urn:cts:greekLit:tlg5026.msAint.hmt:5.6064.comment	true	false	false	"0.00869565217391304"	"0.00869565217391304"
urn:cts:greekLit:tlg5026.msAint.hmt:5.6079.comment	true	false	false	"0.915151515151515"	"0.00606060606060606"
urn:cts:greekLit:tlg5026.msAint.hmt:5.6092.comment	true	false	false	"0.00869565217391304"	"0.00869565217391304"
urn:cts:greekLit:tlg5026.msAint.hmt:5.6096.comment	true	false	false	"0.00465116279069767"	"0.00465116279069767"
urn:cts:greekLit:tlg5026.msAint.hmt:5.6097.comment	true	false	false	"0.00869565217391304"	"0.00869565217391304"
urn:cts:greekLit:tlg5026.msAint.hmt:5.6098.comment	true	false	false	"0.00465116279069767"	"0.00465116279069767"
urn:cts:greekLit:tlg5026.msAint.hmt:5.6099.comment	true	false	false	"0.00606060606060606"	"0.309090909090909"
urn:cts:greekLit:tlg5026.msAint.hmt:5.6100.comment	true	false	false	"0.00377358490566038"	"0.00377358490566038"
urn:cts:greekLit:tlg5026.msAint.hmt:5.6118.comment	false	false	false	"0.0153846153846154"	"0.0153846153846154"
urn:cts:greekLit:tlg5026.msAint.hmt:5.6119.comment	true	true	false	"0.758490566037736"	"0.00377358490566038"
urn:cts:greekLit:tlg5026.msAint.hmt:6.162.comment	true	false	false	"0.00869565217391304"	"0.00869565217391304"
urn:cts:greekLit:tlg5026.msAint.hmt:6.163.comment	true	false	false	"0.0666666666666667"	"0.0666666666666667"
urn:cts:greekLit:tlg5026.msAint.hmt:6.164.comment	true	false	false	"0.00606060606060606"	"0.00606060606060606"
urn:cts:greekLit:tlg5026.msAint.hmt:6.165.comment	true	false	false	"0.00606060606060606"	"0.00606060606060606"
urn:cts:greekLit:tlg5026.msAint.hmt:6.166.comment	false	false	false	"0.0666666666666667"	"0.0666666666666667"
urn:cts:greekLit:tlg5026.msAint.hmt:6.167.comment	true	false	false	"0.00606060606060606"	"0.00606060606060606"
urn:cts:greekLit:tlg5026.msAint.hmt:6.168.comment	false	false	false	"0.00150375939849624"	"0.00150375939849624"
urn:cts:greekLit:tlg5026.msAint.hmt:6.169.comment	true	false	false	"0.00869565217391304"	"0.00869565217391304"
urn:cts:greekLit:tlg5026.msAint.hmt:6.170.comment	true	false	false	"0.0153846153846154"	"0.0153846153846154"
urn:cts:greekLit:tlg5026.msAint.hmt:6.171.comment	false	false	false	"0.00869565217391304"	"0.00869565217391304"
urn:cts:greekLit:tlg5026.msAint.hmt:6.172.comment	true	false	false	"0.00869565217391304"	"0.00869565217391304"
urn:cts:greekLit:tlg5026.msAint.hmt:6.173.comment	true	false	false	"0.00869565217391304"	"0.00869565217391304"
urn:cts:greekLit:tlg5026.msAint.hmt:6.174.comment	true	false	false	"0.00869565217391304"	"0.00869565217391304"
urn:cts:greekLit:tlg5026.msAint.hmt:6.175.comment	false	false	false	"0.00606060606060606"	"0.00606060606060606"
urn:cts:greekLit:tlg5026.msAint.hmt:6.176.comment	true	false	false	"0.00869565217391304"	"0.00869565217391304"
urn:cts:greekLit:tlg5026.msAint.hmt:6.177.comment	true	false	false	"0.00869565217391304"	"0.00869565217391304"
urn:cts:greekLit:tlg5026.msAint.hmt:6.178.comment	false	false	false	"0.0153846153846154"	"0.784615384615385"
urn:cts:greekLit:tlg5026.msAint.hmt:6.179.comment	false	false	false	"0.0666666666666667"	"0.0666666666666667"
urn:cts:greekLit:tlg5026.msAint.hmt:6.180.comment	true	false	false	"0.00869565217391304"	"0.00869565217391304"
urn:cts:greekLit:tlg5026.msAint.hmt:6.181.comment	true	false	false	"0.784615384615385"	"0.0153846153846154"
urn:cts:greekLit:tlg5026.msAint.hmt:6.182.comment	true	false	false	"0.309090909090909"	"0.00606060606060606"
urn:cts:greekLit:tlg5026.msAint.hmt:6.183.comment	true	false	false	"0.00606060606060606"	"0.612121212121212"
urn:cts:greekLit:tlg5026.msAint.hmt:6.184.comment	false	false	false	"0.0153846153846154"	"0.0153846153846154"
urn:cts:greekLit:tlg5026.msAint.hmt:6.185.comment	true	false	false	"0.00465116279069767"	"0.00465116279069767"
urn:cts:greekLit:tlg5026.msAint.hmt:6.186.comment	false	false	false	"0.00869565217391304"	"0.00869565217391304"
urn:cts:greekLit:tlg5026.msAint.hmt:6.187.comment	true	false	false	"0.00606060606060606"	"0.00606060606060606"
urn:cts:greekLit:tlg5026.msAint.hmt:6.188.comment	false	false	false	"0.0666666666666667"	"0.0666666666666667"
urn:cts:greekLit:tlg5026.msAint.hmt:6.189.comment	false	false	false	"0.0666666666666667"	"0.0666666666666667"
urn:cts:greekLit:tlg5026.msAint.hmt:6.190.comment	false	false	false	"0.0666666666666667"	"0.0666666666666667"
urn:cts:greekLit:tlg5026.msAint.hmt:6.191.comment	false	false	false	"0.00869565217391304"	"0.00869565217391304"
urn:cts:greekLit:tlg5026.msAint.hmt:6.192.comment	false	false	false	"0.0666666666666667"	"0.0666666666666667"
urn:cts:greekLit:tlg5026.msAint.hmt:6.193.comment	false	false	false	"0.0153846153846154"	"0.0153846153846154"
urn:cts:greekLit:tlg5026.msAint.hmt:6.194.comment	false	false	false	"0.00869565217391304"	"0.00869565217391304"
urn:cts:greekLit:tlg5026.msAint.hmt:6.195.comment	false	false	false	"0.0153846153846154"	"0.0153846153846154"
urn:cts:greekLit:tlg5026.msAint.hmt:6.196.comment	false	false	false	"0.0153846153846154"	"0.0153846153846154"
urn:cts:greekLit:tlg5026.msAint.hmt:6.197.comment	true	false	false	"0.00273972602739726"	"0.00273972602739726"
urn:cts:greekLit:tlg5026.msAint.hmt:6.198.comment	true	false	false	"0.00606060606060606"	"0.00606060606060606"
urn:cts:greekLit:tlg5026.msAint.hmt:6.199.comment	false	false	false	"0.00869565217391304"	"0.00869565217391304"
urn:cts:greekLit:tlg5026.msAint.hmt:6.200.comment	true	false	false	"0.0666666666666667"	"0.0666666666666667"
urn:cts:greekLit:tlg5026.msAint.hmt:6.201.comment	true	false	false	"0.0666666666666667"	"0.0666666666666667"
urn:cts:greekLit:tlg5026.msAint.hmt:6.202.comment	true	false	false	"0.00869565217391304"	"0.00869565217391304"
urn:cts:greekLit:tlg5026.msAint.hmt:6.203.comment	true	false	false	"0.00606060606060606"	"0.00606060606060606"
urn:cts:greekLit:tlg5026.msAint.hmt:6.204.comment	false	false	false	"0.0666666666666667"	"0.0666666666666667"
urn:cts:greekLit:tlg5026.msAint.hmt:6.205.comment	false	false	false	"0.0153846153846154"	"0.0153846153846154"
urn:cts:greekLit:tlg5026.msAint.hmt:7.14.comment	true	false	false	"0.915151515151515"	"0.00606060606060606"
urn:cts:greekLit:tlg5026.msAint.hmt:7.15.comment	true	false	false	"0.915151515151515"	"0.00606060606060606"
urn:cts:greekLit:tlg5026.msAint.hmt:7.16.comment	true	false	false	"0.00465116279069767"	"0.934883720930233"
urn:cts:greekLit:tlg5026.msAint.hmt:7.17.comment	true	false	false	"0.00465116279069767"	"0.469767441860465"
urn:cts:greekLit:tlg5026.msAint.hmt:7.18.comment	true	false	false	"0.00606060606060606"	"0.00606060606060606"
urn:cts:greekLit:tlg5026.msAint.hmt:7.19.comment	true	false	false	"0.0666666666666667"	"0.0666666666666667"
urn:cts:greekLit:tlg5026.msAint.hmt:7.20.comment	true	false	false	"0.00869565217391304"	"0.00869565217391304"
urn:cts:greekLit:tlg5026.msAint.hmt:7.211.comment	true	false	false	"0.161904761904762"	"0.00317460317460317"
urn:cts:greekLit:tlg5026.msAint.hmt:7.212.comment	false	false	false	"0.0153846153846154"	"0.0153846153846154"
urn:cts:greekLit:tlg5026.msAint.hmt:7.213.comment	false	false	false	"0.00869565217391304"	"0.878260869565217"
urn:cts:greekLit:tlg5026.msAint.hmt:7.315.comment	true	false	false	"0.00869565217391304"	"0.00869565217391304"
urn:cts:greekLit:tlg5026.msAint.hmt:7.316.comment	true	false	false	"0.0666666666666667"	"0.0666666666666667"
urn:cts:greekLit:tlg5026.msAint.hmt:7.4001.comment	false	false	false	"0.0666666666666667"	"0.0666666666666667"
urn:cts:greekLit:tlg5026.msAint.hmt:7.411.comment	false	false	false	"0.00465116279069767"	"0.00465116279069767"
urn:cts:greekLit:tlg5026.msAint.hmt:7.412.comment	true	false	false	"0.00869565217391304"	"0.00869565217391304"
urn:cts:greekLit:tlg5026.msAint.hmt:7.413.comment	false	false	false	"0.00869565217391304"	"0.878260869565217"
urn:cts:greekLit:tlg5026.msAint.hmt:7.414.comment	false	false	false	"0.00869565217391304"	"0.443478260869565"
urn:cts:greekLit:tlg5026.msAint.hmt:7.415.comment	false	false	false	"0.612121212121212"	"0.00606060606060606"
urn:cts:greekLit:tlg5026.msAint.hmt:7.1016.comment	true	false	false	"0.00606060606060606"	"0.00606060606060606"
urn:cts:greekLit:tlg5026.msAint.hmt:7.1029.comment	false	false	false	"0.00606060606060606"	"0.00606060606060606"
urn:cts:greekLit:tlg5026.msAint.hmt:7.1030.comment	true	false	false	"0.00606060606060606"	"0.612121212121212"
urn:cts:greekLit:tlg5026.msAint.hmt:7.1031.comment	true	false	false	"0.00606060606060606"	"0.00606060606060606"
urn:cts:greekLit:tlg5026.msAint.hmt:7.1044.comment	true	false	false	"0.00606060606060606"	"0.00606060606060606"
urn:cts:greekLit:tlg5026.msAint.hmt:7.1045.comment	false	false	false	"0.934883720930233"	"0.00465116279069767"
urn:cts:greekLit:tlg5026.msAint.hmt:7.1053.comment	false	false	false	"0.0666666666666667"	"0.0666666666666667"
urn:cts:greekLit:tlg5026.msAint.hmt:7.1054.comment	false	false	false	"0.00869565217391304"	"0.00869565217391304"
urn:cts:greekLit:tlg5026.msAint.hmt:7.1055.comment	false	false	false	"0.0666666666666667"	"0.0666666666666667"
urn:cts:greekLit:tlg5026.msAint.hmt:7.2026.comment	true	false	false	"0.0153846153846154"	"0.0153846153846154"
urn:cts:greekLit:tlg5026.msAint.hmt:7.2027.comment	true	false	false	"0.0666666666666667"	"0.0666666666666667"
urn:cts:greekLit:tlg5026.msAint.hmt:7.2038.comment	true	false	false	"0.00606060606060606"	"0.00606060606060606"
urn:cts:greekLit:tlg5026.msAint.hmt:7.2039.comment	false	false	false	"0.0153846153846154"	"0.0153846153846154"
urn:cts:greekLit:tlg5026.msAint.hmt:7.2050.comment	false	false	false	"0.915151515151515"	"0.00606060606060606"
urn:cts:greekLit:tlg5026.msAint.hmt:7.3004.comment	true	false	false	"0.00869565217391304"	"0.878260869565217"
urn:cts:greekLit:tlg5026.msAint.hmt:7.3005.comment	false	false	false	"0.00606060606060606"	"0.00606060606060606"
urn:cts:greekLit:tlg5026.msAint.hmt:7.3012.comment	false	false	false	"0.878260869565217"	"0.00869565217391304"
urn:cts:greekLit:tlg5026.msAint.hmt:7.3013.comment	true	false	false	"0.00869565217391304"	"0.00869565217391304"
urn:cts:greekLit:tlg5026.msAint.hmt:7.3014.comment	false	false	false	"0.00606060606060606"	"0.00606060606060606"
urn:cts:greekLit:tlg5026.msAint.hmt:7.3015.comment	false	false	false	"0.00869565217391304"	"0.00869565217391304"
urn:cts:greekLit:tlg5026.msAint.hmt:7.3016.comment	false	false	false	"0.00869565217391304"	"0.00869565217391304"
urn:cts:greekLit:tlg5026.msAint.hmt:7.3017.comment	false	false	false	"0.00606060606060606"	"0.00606060606060606"
urn:cts:greekLit:tlg5026.msAint.hmt:7.3049.comment	true	false	false	"0.00869565217391304"	"0.00869565217391304"
urn:cts:greekLit:tlg5026.msAint.hmt:7.3007.comment	true	false	false	"0.0153846153846154"	"0.0153846153846154"
urn:cts:greekLit:tlg5026.msAint.hmt:7.3008.comment	true	false	false	"0.0153846153846154"	"0.0153846153846154"
urn:cts:greekLit:tlg5026.msAint.hmt:8.32.comment	true	false	false	"0.443478260869565"	"0.00869565217391304"
urn:cts:greekLit:tlg5026.msAint.hmt:8.33.comment	false	false	false	"0.00606060606060606"	"0.00606060606060606"
urn:cts:greekLit:tlg5026.msAint.hmt:8.54.comment	true	false	false	"0.0153846153846154"	"0.0153846153846154"
urn:cts:greekLit:tlg5026.msAint.hmt:8.55.comment	false	false	false	"0.00869565217391304"	"0.00869565217391304"
urn:cts:greekLit:tlg5026.msAint.hmt:8.56.comment	true	false	false	"0.878260869565217"	"0.00869565217391304"
urn:cts:greekLit:tlg5026.msAint.hmt:8.74.comment	true	false	false	"0.0666666666666667"	"0.0666666666666667"
urn:cts:greekLit:tlg5026.msAint.hmt:8.75.comment	false	false	false	"0.784615384615385"	"0.0153846153846154"
urn:cts:greekLit:tlg5026.msAint.hmt:8.76.comment	false	false	false	"0.00869565217391304"	"0.878260869565217"
urn:cts:greekLit:tlg5026.msAint.hmt:8.77.comment	true	false	false	"0.00606060606060606"	"0.309090909090909"
urn:cts:greekLit:tlg5026.msAint.hmt:8.93.comment	false	false	false	"0.00869565217391304"	"0.00869565217391304"
urn:cts:greekLit:tlg5026.msAint.hmt:8.94.comment	true	false	false	"0.0153846153846154"	"0.0153846153846154"
urn:cts:greekLit:tlg5026.msAint.hmt:8.112.comment	false	false	false	"0.00869565217391304"	"0.00869565217391304"
urn:cts:greekLit:tlg5026.msAint.hmt:8.113.comment	true	false	false	"0.00606060606060606"	"0.00606060606060606"
urn:cts:greekLit:tlg5026.msAint.hmt:8.114.comment	true	false	false	"0.934883720930233"	"0.00465116279069767"
urn:cts:greekLit:tlg5026.msAint.hmt:8.126.comment	true	false	false	"0.00869565217391304"	"0.00869565217391304"
urn:cts:greekLit:tlg5026.msAint.hmt:8.127.comment	true	false	false	"0.0153846153846154"	"0.0153846153846154"
urn:cts:greekLit:tlg5026.msAint.hmt:8.128.comment	true	false	false	"0.878260869565217"	"0.00869565217391304"
urn:cts:greekLit:tlg5026.msAint.hmt:8.141.comment	false	false	false	"0.784615384615385"	"0.0153846153846154"
urn:cts:greekLit:tlg5026.msAint.hmt:8.142.comment	true	false	false	"0.00606060606060606"	"0.00606060606060606"
urn:cts:greekLit:tlg5026.msAint.hmt:8.143.comment	true	false	false	"0.0153846153846154"	"0.784615384615385"
urn:cts:greekLit:tlg5026.msAint.hmt:8.144.comment	false	false	false	"0.702325581395349"	"0.00465116279069767"
urn:cts:greekLit:tlg5026.msAint.hmt:8.174.comment	true	false	false	"0.0153846153846154"	"0.0153846153846154"
urn:cts:greekLit:tlg5026.msAint.hmt:8.175.comment	true	false	false	"0.0153846153846154"	"0.0153846153846154"
urn:cts:greekLit:tlg5026.msAint.hmt:8.188.comment	false	false	false	"0.00869565217391304"	"0.443478260869565"
urn:cts:greekLit:tlg5026.msAint.hmt:8.189.comment	false	false	false	"0.443478260869565"	"0.00869565217391304"
urn:cts:greekLit:tlg5026.msAint.hmt:8.190.comment	true	false	false	"0.00606060606060606"	"0.00606060606060606"
urn:cts:greekLit:tlg5026.msAint.hmt:8.191.comment	true	false	false	"0.00606060606060606"	"0.00606060606060606"
urn:cts:greekLit:tlg5026.msAint.hmt:8.201.comment	true	false	false	"0.00606060606060606"	"0.00606060606060606"
urn:cts:greekLit:tlg5026.msAint.hmt:8.202.comment	true	false	false	"0.00606060606060606"	"0.00606060606060606"
urn:cts:greekLit:tlg5026.msAint.hmt:8.203.comment	true	false	false	"0.00869565217391304"	"0.00869565217391304"
urn:cts:greekLit:tlg5026.msAint.hmt:8.219.comment	true	false	false	"0.0153846153846154"	"0.0153846153846154"
urn:cts:greekLit:tlg5026.msAint.hmt:8.220.comment	true	false	false	"0.00869565217391304"	"0.00869565217391304"
urn:cts:greekLit:tlg5026.msAint.hmt:8.232.comment	true	false	false	"0.00869565217391304"	"0.00869565217391304"
urn:cts:greekLit:tlg5026.msAint.hmt:8.257.comment	true	false	false	"0.0153846153846154"	"0.0153846153846154"
urn:cts:greekLit:tlg5026.msAint.hmt:8.284.comment	true	false	false	"0.878260869565217"	"0.00869565217391304"
urn:cts:greekLit:tlg5026.msAint.hmt:8.285.comment	true	false	false	"0.00869565217391304"	"0.00869565217391304"
urn:cts:greekLit:tlg5026.msAint.hmt:8.286.comment	true	false	false	"0.0666666666666667"	"0.0666666666666667"
urn:cts:greekLit:tlg5026.msAint.hmt:8.299.comment	true	false	false	"0.0153846153846154"	"0.0153846153846154"
urn:cts:greekLit:tlg5026.msAint.hmt:8.300.comment	true	false	false	"0.0666666666666667"	"0.0666666666666667"
urn:cts:greekLit:tlg5026.msAint.hmt:8.301.comment	true	false	false	"0.0153846153846154"	"0.0153846153846154"
urn:cts:greekLit:tlg5026.msAint.hmt:8.302.comment	false	false	false	"0.00377358490566038"	"0.00377358490566038"
urn:cts:greekLit:tlg5026.msAint.hmt:8.303.comment	true	false	false	"0.443478260869565"	"0.00869565217391304"
urn:cts:greekLit:tlg5026.msAint.hmt:8.318.comment	true	false	false	"0.00869565217391304"	"0.00869565217391304"
urn:cts:greekLit:tlg5026.msAint.hmt:8.319.comment	true	true	false	"0.00465116279069767"	"0.934883720930233"
urn:cts:greekLit:tlg5026.msAint.hmt:8.335.comment	true	false	false	"0.00465116279069767"	"0.00465116279069767"
urn:cts:greekLit:tlg5026.msAint.hmt:8.336.comment	true	false	false	"0.00606060606060606"	"0.00606060606060606"
urn:cts:greekLit:tlg5026.msAint.hmt:8.337.comment	true	false	false	"0.0153846153846154"	"0.0153846153846154"
urn:cts:greekLit:tlg5026.msAint.hmt:8.350.comment	false	false	false	"0.00869565217391304"	"0.00869565217391304"
urn:cts:greekLit:tlg5026.msAint.hmt:8.351.comment	false	false	false	"0.0153846153846154"	"0.0153846153846154"
urn:cts:greekLit:tlg5026.msAint.hmt:9.12.comment	false	false	false	"0.784615384615385"	"0.0153846153846154"
urn:cts:greekLit:tlg5026.msAint.hmt:9.41.comment	true	false	false	"0.00176991150442478"	"0.00176991150442478"
urn:cts:greekLit:tlg5026.msAint.hmt:9.42.comment	true	false	false	"0.878260869565217"	"0.00869565217391304"
urn:cts:greekLit:tlg5026.msAint.hmt:9.43.comment	true	false	false	"0.0153846153846154"	"0.0153846153846154"
urn:cts:greekLit:tlg5026.msAint.hmt:9.44.comment	true	false	false	"0.878260869565217"	"0.00869565217391304"
urn:cts:greekLit:tlg5026.msAint.hmt:9.69.comment	true	false	false	"0.0153846153846154"	"0.0153846153846154"
urn:cts:greekLit:tlg5026.msAint.hmt:9.70.comment	true	false	false	"0.00465116279069767"	"0.00465116279069767"
urn:cts:greekLit:tlg5026.msAint.hmt:9.92.comment	false	false	false	"0.00606060606060606"	"0.00606060606060606"
urn:cts:greekLit:tlg5026.msAint.hmt:9.93.comment	false	false	false	"0.00869565217391304"	"0.00869565217391304"
urn:cts:greekLit:tlg5026.msAint.hmt:9.94.comment	true	false	false	"0.0153846153846154"	"0.784615384615385"
urn:cts:greekLit:tlg5026.msAint.hmt:9.95.comment	false	false	false	"0.00465116279069767"	"0.00465116279069767"
urn:cts:greekLit:tlg5026.msAint.hmt:9.96.comment	false	false	false	"0.00869565217391304"	"0.00869565217391304"
urn:cts:greekLit:tlg5026.msAint.hmt:9.120.comment	false	false	false	"0.00465116279069767"	"0.00465116279069767"
urn:cts:greekLit:tlg5026.msAint.hmt:9.121.comment	false	false	false	"0.00869565217391304"	"0.00869565217391304"
urn:cts:greekLit:tlg5026.msAint.hmt:9.143.comment	true	false	false	"0.915151515151515"	"0.00606060606060606"
urn:cts:greekLit:tlg5026.msAint.hmt:9.144.comment	false	false	false	"0.00377358490566038"	"0.00377358490566038"
urn:cts:greekLit:tlg5026.msAint.hmt:9.145.comment	false	false	false	"0.00606060606060606"	"0.00606060606060606"
urn:cts:greekLit:tlg5026.msAint.hmt:9.173.comment	true	false	false	"0.00465116279069767"	"0.00465116279069767"
urn:cts:greekLit:tlg5026.msAint.hmt:9.174.comment	false	false	false	"0.0153846153846154"	"0.0153846153846154"
urn:cts:greekLit:tlg5026.msAint.hmt:9.175.comment	false	false	false	"0.878260869565217"	"0.00869565217391304"
urn:cts:greekLit:tlg5026.msAint.hmt:9.196.comment	true	false	false	"0.00606060606060606"	"0.00606060606060606"
urn:cts:greekLit:tlg5026.msAint.hmt:9.197.comment	true	false	false	"0.00869565217391304"	"0.00869565217391304"
urn:cts:greekLit:tlg5026.msAint.hmt:9.198.comment	true	false	false	"0.00869565217391304"	"0.00869565217391304"
urn:cts:greekLit:tlg5026.msAint.hmt:9.199.comment	true	false	false	"0.00606060606060606"	"0.00606060606060606"
urn:cts:greekLit:tlg5026.msAint.hmt:9.242.comment	false	false	false	"0.878260869565217"	"0.00869565217391304"
urn:cts:greekLit:tlg5026.msAint.hmt:9.227.comment	true	false	false	"0.878260869565217"	"0.00869565217391304"
urn:cts:greekLit:tlg5026.msAint.hmt:9.228.comment	false	false	false	"0.00606060606060606"	"0.00606060606060606"
urn:cts:greekLit:tlg5026.msAint.hmt:9.261.comment	false	false	false	"0.00869565217391304"	"0.00869565217391304"
urn:cts:greekLit:tlg5026.msAint.hmt:9.286.comment	false	false	false	"0.00606060606060606"	"0.00606060606060606"
urn:cts:greekLit:tlg5026.msAint.hmt:9.287.comment	true	false	false	"0.00869565217391304"	"0.00869565217391304"
urn:cts:greekLit:tlg5026.msAint.hmt:9.321.comment	false	false	false	"0.0153846153846154"	"0.0153846153846154"
urn:cts:greekLit:tlg5026.msAint.hmt:9.322.comment	false	false	false	"0.00606060606060606"	"0.00606060606060606"
urn:cts:greekLit:tlg5026.msAint.hmt:9.323.comment	false	false	false	"0.0153846153846154"	"0.0153846153846154"
urn:cts:greekLit:tlg5026.msAint.hmt:9.324.comment	false	false	false	"0.00869565217391304"	"0.00869565217391304"
urn:cts:greekLit:tlg5026.msAint.hmt:9.325.comment	false	false	false	"0.00606060606060606"	"0.612121212121212"
urn:cts:greekLit:tlg5026.msAint.hmt:9.326.comment	false	false	false	"0.612121212121212"	"0.00606060606060606"
urn:cts:greekLit:tlg5026.msAint.hmt:9.327.comment	false	false	false	"0.00869565217391304"	"0.00869565217391304"
urn:cts:greekLit:tlg5026.msAint.hmt:9.328.comment	false	false	false	"0.00465116279069767"	"0.00465116279069767"
urn:cts:greekLit:tlg5026.msAint.hmt:9.329.comment	false	false	false	"0.00465116279069767"	"0.00465116279069767"
urn:cts:greekLit:tlg5026.msAint.hmt:9.348.comment	false	false	false	"0.00606060606060606"	"0.00606060606060606"
urn:cts:greekLit:tlg5026.msAint.hmt:9.366.comment	false	false	false	"0.0666666666666667"	"0.0666666666666667"
urn:cts:greekLit:tlg5026.msAint.hmt:9.367.comment	false	false	false	"0.0153846153846154"	"0.0153846153846154"
urn:cts:greekLit:tlg5026.msAint.hmt:9.368.comment	true	false	false	"0.469767441860465"	"0.00465116279069767"
urn:cts:greekLit:tlg5026.msAint.hmt:9.395.comment	true	false	false	"0.00317460317460317"	"0.638095238095238"
urn:cts:greekLit:tlg5026.msAint.hmt:9.404.comment	true	false	false	"0.878260869565217"	"0.00869565217391304"
urn:cts:greekLit:tlg5026.msAint.hmt:9.405.comment	false	false	false	"0.00465116279069767"	"0.00465116279069767"
urn:cts:greekLit:tlg5026.msAint.hmt:9.424.comment	true	false	false	"0.878260869565217"	"0.00869565217391304"
urn:cts:greekLit:tlg5026.msAint.hmt:9.425.comment	false	false	false	"0.0153846153846154"	"0.0153846153846154"
urn:cts:greekLit:tlg5026.msAint.hmt:9.426.comment	true	false	false	"0.00606060606060606"	"0.00606060606060606"
urn:cts:greekLit:tlg5026.msAint.hmt:9.451.comment	false	false	false	"0.00869565217391304"	"0.00869565217391304"
urn:cts:greekLit:tlg5026.msAint.hmt:9.452.comment	false	false	false	"0.00869565217391304"	"0.00869565217391304"
urn:cts:greekLit:tlg5026.msAint.hmt:9.453.comment	true	false	false	"0.0153846153846154"	"0.0153846153846154"
urn:cts:greekLit:tlg5026.msAint.hmt:9.454.comment	false	false	false	"0.784615384615385"	"0.0153846153846154"
urn:cts:greekLit:tlg5026.msAint.hmt:9.692.comment	false	false	false	"0.00606060606060606"	"0.00606060606060606"
urn:cts:greekLit:tlg5026.msAint.hmt:9.481.comment	false	false	false	"0.0153846153846154"	"0.0153846153846154"
urn:cts:greekLit:tlg5026.msAint.hmt:9.482.comment	false	false	false	"0.00465116279069767"	"0.00465116279069767"
urn:cts:greekLit:tlg5026.msAint.hmt:9.483.comment	true	false	false	"0.443478260869565"	"0.00869565217391304"
urn:cts:greekLit:tlg5026.msAint.hmt:9.484.comment	false	false	false	"0.00869565217391304"	"0.878260869565217"
urn:cts:greekLit:tlg5026.msAint.hmt:9.509.comment	false	false	false	"0.00317460317460317"	"0.00317460317460317"
urn:cts:greekLit:tlg5026.msAint.hmt:9.510.comment	false	false	false	"0.00606060606060606"	"0.00606060606060606"
urn:cts:greekLit:tlg5026.msAint.hmt:9.511.comment	false	false	false	"0.0666666666666667"	"0.0666666666666667"
urn:cts:greekLit:tlg5026.msAint.hmt:9.512.comment	false	false	false	"0.00465116279069767"	"0.00465116279069767"
urn:cts:greekLit:tlg5026.msAint.hmt:9.532.comment	false	false	false	"0.00606060606060606"	"0.00606060606060606"
urn:cts:greekLit:tlg5026.msAint.hmt:9.533.comment	false	false	false	"0.0666666666666667"	"0.0666666666666667"
urn:cts:greekLit:tlg5026.msAint.hmt:9.564.comment	false	false	false	"0.00869565217391304"	"0.00869565217391304"
urn:cts:greekLit:tlg5026.msAint.hmt:9.565.comment	true	false	false	"0.0666666666666667"	"0.0666666666666667"
urn:cts:greekLit:tlg5026.msAint.hmt:9.566.comment	false	false	false	"0.00606060606060606"	"0.00606060606060606"
urn:cts:greekLit:tlg5026.msAint.hmt:9.588.comment	false	false	false	"0.0153846153846154"	"0.0153846153846154"
urn:cts:greekLit:tlg5026.msAint.hmt:9.604.comment	true	false	false	"0.00606060606060606"	"0.00606060606060606"
urn:cts:greekLit:tlg5026.msAint.hmt:9.627.comment	true	false	false	"0.0153846153846154"	"0.0153846153846154"
urn:cts:greekLit:tlg5026.msAint.hmt:9.650.comment	true	false	false	"0.00869565217391304"	"0.00869565217391304"
urn:cts:greekLit:tlg5026.msAint.hmt:9.651.comment	true	false	false	"0.00869565217391304"	"0.00869565217391304"
urn:cts:greekLit:tlg5026.msAint.hmt:9.670.comment	true	false	false	"0.878260869565217"	"0.00869565217391304"
urn:cts:greekLit:tlg5026.msAint.hmt:9.671.comment	true	false	false	"0.00606060606060606"	"0.00606060606060606"
urn:cts:greekLit:tlg5026.msAint.hmt:9.672.comment	true	false	false	"0.878260869565217"	"0.00869565217391304"
urn:cts:greekLit:tlg5026.msAint.hmt:10.32.comment	false	false	false	"0.00465116279069767"	"0.00465116279069767"
urn:cts:greekLit:tlg5026.msAint.hmt:10.33.comment	false	false	false	"0.00465116279069767"	"0.00465116279069767"
urn:cts:greekLit:tlg5026.msAint.hmt:10.54.comment	false	false	false	"0.00869565217391304"	"0.00869565217391304"
urn:cts:greekLit:tlg5026.msAint.hmt:10.55.comment	false	true	false	"0.0153846153846154"	"0.784615384615385"
urn:cts:greekLit:tlg5026.msAint.hmt:10.56.comment	false	false	false	"0.00465116279069767"	"0.00465116279069767"
urn:cts:greekLit:tlg5026.msAint.hmt:10.57.comment	false	false	false	"0.00869565217391304"	"0.00869565217391304"
urn:cts:greekLit:tlg5026.msAint.hmt:10.106.comment	false	false	false	"0.0153846153846154"	"0.0153846153846154"
urn:cts:greekLit:tlg5026.msAint.hmt:10.1012.comment	true	false	false	"0.0153846153846154"	"0.0153846153846154"
urn:cts:greekLit:tlg5026.msAint.hmt:10.1013.comment	true	false	false	"0.00869565217391304"	"0.00869565217391304"
urn:cts:greekLit:tlg5026.msAint.hmt:10.1014.comment	true	false	false	"0.0153846153846154"	"0.784615384615385"
urn:cts:greekLit:tlg5026.msAint.hmt:10.1015.comment	false	false	false	"0.878260869565217"	"0.00869565217391304"
urn:cts:greekLit:tlg5026.msAint.hmt:10.1512.comment	false	false	false	"0.0153846153846154"	"0.0153846153846154"
urn:cts:greekLit:tlg5026.msAint.hmt:10.1534.comment	false	false	false	"0.947169811320755"	"0.00377358490566038"
urn:cts:greekLit:tlg5026.msAint.hmt:10.1535.comment	true	false	false	"0.00869565217391304"	"0.00869565217391304"
urn:cts:greekLit:tlg5026.msAint.hmt:10.1536.comment	false	false	false	"0.00869565217391304"	"0.00869565217391304"
urn:cts:greekLit:tlg5026.msAint.hmt:10.1537.comment	false	false	false	"0.309090909090909"	"0.00606060606060606"
urn:cts:greekLit:tlg5026.msAint.hmt:10.1554.comment	true	false	false	"0.00606060606060606"	"0.00606060606060606"
urn:cts:greekLit:tlg5026.msAint.hmt:10.1555.comment	false	false	false	"0.00869565217391304"	"0.00869565217391304"
urn:cts:greekLit:tlg5026.msAint.hmt:10.2000.comment	false	false	false	"0.00869565217391304"	"0.00869565217391304"
urn:cts:greekLit:tlg5026.msAint.hmt:10.2001.comment	false	false	false	"0.00606060606060606"	"0.00606060606060606"
urn:cts:greekLit:tlg5026.msAint.hmt:10.2515.comment	false	false	false	"0.00377358490566038"	"0.00377358490566038"
urn:cts:greekLit:tlg5026.msAint.hmt:10.2516.comment	true	false	false	"0.0153846153846154"	"0.0153846153846154"
urn:cts:greekLit:tlg5026.msAint.hmt:10.2517.comment	true	false	false	"0.0153846153846154"	"0.0153846153846154"
urn:cts:greekLit:tlg5026.msAint.hmt:10.2518.comment	true	false	false	"0.00465116279069767"	"0.00465116279069767"
urn:cts:greekLit:tlg5026.msAint.hmt:10.3009.comment	false	false	false	"0.0153846153846154"	"0.0153846153846154"
urn:cts:greekLit:tlg5026.msAint.hmt:10.3010.comment	true	false	false	"0.0153846153846154"	"0.0153846153846154"
urn:cts:greekLit:tlg5026.msAint.hmt:10.3011.comment	false	false	false	"0.00869565217391304"	"0.00869565217391304"
urn:cts:greekLit:tlg5026.msAint.hmt:10.3012.comment	false	false	false	"0.00606060606060606"	"0.00606060606060606"
urn:cts:greekLit:tlg5026.msAint.hmt:10.3013.comment	true	false	false	"0.00606060606060606"	"0.00606060606060606"
urn:cts:greekLit:tlg5026.msAint.hmt:10.3520.comment	true	false	false	"0.0153846153846154"	"0.0153846153846154"
urn:cts:greekLit:tlg5026.msAint.hmt:10.3521.comment	false	false	false	"0.00869565217391304"	"0.00869565217391304"
urn:cts:greekLit:tlg5026.msAint.hmt:10.3522.comment	true	false	false	"0.0153846153846154"	"0.0153846153846154"
urn:cts:greekLit:tlg5026.msAint.hmt:10.3523.comment	false	false	false	"0.00377358490566038"	"0.00377358490566038"
urn:cts:greekLit:tlg5026.msAint.hmt:10.3558.comment	true	false	false	"0.0666666666666667"	"0.0666666666666667"
urn:cts:greekLit:tlg5026.msAint.hmt:10.3559.comment	true	false	false	"0.00869565217391304"	"0.00869565217391304"
urn:cts:greekLit:tlg5026.msAint.hmt:10.3560.comment	true	false	false	"0.00465116279069767"	"0.00465116279069767"
urn:cts:greekLit:tlg5026.msAint.hmt:10.3561.comment	false	false	false	"0.443478260869565"	"0.00869565217391304"
urn:cts:greekLit:tlg5026.msAint.hmt:10.3562.comment	false	false	false	"0.878260869565217"	"0.00869565217391304"
urn:cts:greekLit:tlg5026.msAint.hmt:10.3563.comment	false	false	false	"0.00869565217391304"	"0.00869565217391304"
urn:cts:greekLit:tlg5026.msAint.hmt:10.3586.comment	true	false	false	"0.0666666666666667"	"0.0666666666666667"
urn:cts:greekLit:tlg5026.msAint.hmt:10.4503.comment	false	false	false	"0.00606060606060606"	"0.00606060606060606"
urn:cts:greekLit:tlg5026.msAint.hmt:10.4007.comment	false	false	false	"0.00869565217391304"	"0.00869565217391304"
urn:cts:greekLit:tlg5026.msAint.hmt:10.4553.comment	true	false	false	"0.309090909090909"	"0.00606060606060606"
urn:cts:greekLit:tlg5026.msAint.hmt:10.4554.comment	true	false	false	"0.00606060606060606"	"0.00606060606060606"
urn:cts:greekLit:tlg5026.msAint.hmt:10.4555.comment	false	false	false	"0.309090909090909"	"0.00606060606060606"
urn:cts:greekLit:tlg5026.msAint.hmt:10.4556.comment	false	false	false	"0.878260869565217"	"0.00869565217391304"
urn:cts:greekLit:tlg5026.msAint.hmt:10.4557.comment	true	false	false	"0.00869565217391304"	"0.00869565217391304"
urn:cts:greekLit:tlg5026.msAint.hmt:10.4558.comment	false	false	false	"0.0153846153846154"	"0.0153846153846154"
urn:cts:greekLit:tlg5026.msAint.hmt:10.4589.comment	true	false	false	"0.00465116279069767"	"0.00465116279069767"
urn:cts:greekLit:tlg5026.msAint.hmt:10.4590.comment	true	false	false	"0.0666666666666667"	"0.0666666666666667"
urn:cts:greekLit:tlg5026.msAint.hmt:10.4645.comment	false	false	false	"0.00606060606060606"	"0.00606060606060606"
urn:cts:greekLit:tlg5026.msAint.hmt:10.4666.comment	true	false	false	"0.0666666666666667"	"0.0666666666666667"
urn:cts:greekLit:tlg5026.msAint.hmt:10.4667.comment	true	false	false	"0.00606060606060606"	"0.00606060606060606"
urn:cts:greekLit:tlg5026.msAint.hmt:11.1.comment	false	false	false	"0.00377358490566038"	"0.00377358490566038"
urn:cts:greekLit:tlg5026.msAint.hmt:11.2.comment	false	false	false	"0.0153846153846154"	"0.0153846153846154"
urn:cts:greekLit:tlg5026.msAint.hmt:11.3.comment	false	false	false	"0.784615384615385"	"0.0153846153846154"
urn:cts:greekLit:tlg5026.msAint.hmt:11.4.comment	true	false	false	"0.00606060606060606"	"0.00606060606060606"
urn:cts:greekLit:tlg5026.msAint.hmt:11.5.comment	false	false	false	"0.0153846153846154"	"0.0153846153846154"
urn:cts:greekLit:tlg5026.msAint.hmt:11.6.comment	true	false	false	"0.00869565217391304"	"0.00869565217391304"
urn:cts:greekLit:tlg5026.msAint.hmt:11.7.comment	false	false	false	"0.0153846153846154"	"0.784615384615385"
urn:cts:greekLit:tlg5026.msAint.hmt:11.8.comment	false	false	false	"0.784615384615385"	"0.0153846153846154"
urn:cts:greekLit:tlg5026.msAint.hmt:11.9.comment	false	false	false	"0.00606060606060606"	"0.00606060606060606"
urn:cts:greekLit:tlg5026.msAint.hmt:11.10.comment	false	false	false	"0.0666666666666667"	"0.0666666666666667"
urn:cts:greekLit:tlg5026.msAint.hmt:11.11.comment	false	false	false	"0.00869565217391304"	"0.00869565217391304"
urn:cts:greekLit:tlg5026.msAint.hmt:11.12.comment	false	false	false	"0.00317460317460317"	"0.638095238095238"
urn:cts:greekLit:tlg5026.msAint.hmt:11.13.comment	false	false	false	"0.00606060606060606"	"0.00606060606060606"
urn:cts:greekLit:tlg5026.msAint.hmt:11.14.comment	false	false	false	"0.00869565217391304"	"0.00869565217391304"
urn:cts:greekLit:tlg5026.msAint.hmt:11.15.comment	false	false	false	"0.00869565217391304"	"0.00869565217391304"
urn:cts:greekLit:tlg5026.msAint.hmt:11.16.comment	false	false	false	"0.878260869565217"	"0.00869565217391304"
urn:cts:greekLit:tlg5026.msAint.hmt:11.17.comment	false	false	false	"0.0153846153846154"	"0.0153846153846154"
urn:cts:greekLit:tlg5026.msAint.hmt:11.18.comment	false	false	false	"0.00869565217391304"	"0.00869565217391304"
urn:cts:greekLit:tlg5026.msAint.hmt:11.19.comment	false	false	false	"0.443478260869565"	"0.00869565217391304"
urn:cts:greekLit:tlg5026.msAint.hmt:11.20.comment	false	false	false	"0.878260869565217"	"0.00869565217391304"
urn:cts:greekLit:tlg5026.msAint.hmt:11.21.comment	true	false	false	"0.0666666666666667"	"0.0666666666666667"
urn:cts:greekLit:tlg5026.msAint.hmt:11.22.comment	false	false	false	"0.00869565217391304"	"0.00869565217391304"
urn:cts:greekLit:tlg5026.msAint.hmt:11.23.comment	false	false	false	"0.0153846153846154"	"0.0153846153846154"
urn:cts:greekLit:tlg5026.msAint.hmt:11.24.comment	false	false	false	"0.00869565217391304"	"0.00869565217391304"
urn:cts:greekLit:tlg5026.msAint.hmt:11.25.comment	false	false	false	"0.0153846153846154"	"0.784615384615385"
urn:cts:greekLit:tlg5026.msAint.hmt:11.26.comment	false	false	false	"0.0666666666666667"	"0.0666666666666667"
urn:cts:greekLit:tlg5026.msAint.hmt:11.27.comment	true	false	false	"0.00869565217391304"	"0.00869565217391304"
urn:cts:greekLit:tlg5026.msAint.hmt:11.28.comment	true	false	false	"0.00869565217391304"	"0.00869565217391304"
urn:cts:greekLit:tlg5026.msAint.hmt:11.29.comment	true	false	false	"0.0153846153846154"	"0.0153846153846154"
urn:cts:greekLit:tlg5026.msAint.hmt:11.30.comment	false	false	false	"0.00606060606060606"	"0.00606060606060606"
urn:cts:greekLit:tlg5026.msAint.hmt:11.31.comment	false	false	false	"0.00606060606060606"	"0.00606060606060606"
urn:cts:greekLit:tlg5026.msAint.hmt:11.32.comment	true	false	false	"0.00869565217391304"	"0.00869565217391304"
urn:cts:greekLit:tlg5026.msAint.hmt:11.33.comment	false	false	false	"0.00377358490566038"	"0.00377358490566038"
urn:cts:greekLit:tlg5026.msAint.hmt:11.34.comment	true	false	false	"0.0153846153846154"	"0.0153846153846154"
urn:cts:greekLit:tlg5026.msAint.hmt:11.35.comment	true	false	false	"0.00869565217391304"	"0.00869565217391304"
urn:cts:greekLit:tlg5026.msAint.hmt:11.36.comment	true	false	false	"0.00465116279069767"	"0.00465116279069767"
urn:cts:greekLit:tlg5026.msAint.hmt:11.37.comment	false	false	false	"0.0153846153846154"	"0.0153846153846154"
urn:cts:greekLit:tlg5026.msAint.hmt:11.38.comment	true	false	false	"0.00869565217391304"	"0.00869565217391304"
urn:cts:greekLit:tlg5026.msAint.hmt:11.39.comment	false	false	false	"0.00869565217391304"	"0.00869565217391304"
urn:cts:greekLit:tlg5026.msAint.hmt:11.40.comment	false	false	false	"0.00869565217391304"	"0.00869565217391304"
urn:cts:greekLit:tlg5026.msAint.hmt:11.41.comment	true	false	false	"0.00869565217391304"	"0.00869565217391304"
urn:cts:greekLit:tlg5026.msAint.hmt:11.42.comment	true	false	false	"0.0666666666666667"	"0.0666666666666667"
urn:cts:greekLit:tlg5026.msAint.hmt:11.43.comment	true	false	false	"0.00606060606060606"	"0.00606060606060606"
urn:cts:greekLit:tlg5026.msAint.hmt:11.44.comment	true	false	false	"0.00869565217391304"	"0.00869565217391304"
urn:cts:greekLit:tlg5026.msAint.hmt:11.45.comment	false	false	false	"0.00465116279069767"	"0.00465116279069767"
urn:cts:greekLit:tlg5026.msAint.hmt:11.47.comment	false	false	false	"0.00606060606060606"	"0.00606060606060606"
urn:cts:greekLit:tlg5026.msAint.hmt:11.48.comment	false	false	false	"0.784615384615385"	"0.0153846153846154"
urn:cts:greekLit:tlg5026.msAint.hmt:11.49.comment	false	false	false	"0.0153846153846154"	"0.784615384615385"
urn:cts:greekLit:tlg5026.msAint.hmt:11.50.comment	false	false	false	"0.00869565217391304"	"0.00869565217391304"
urn:cts:greekLit:tlg5026.msAint.hmt:12.B1.comment	false	false	false	"0.915151515151515"	"0.00606060606060606"
urn:cts:greekLit:tlg5026.msAint.hmt:12.B2.comment	true	false	false	"0.00273972602739726"	"0.00273972602739726"
urn:cts:greekLit:tlg5026.msAint.hmt:12.B3.comment	false	false	false	"0.00869565217391304"	"0.878260869565217"
urn:cts:greekLit:tlg5026.msAint.hmt:12.B4.comment	false	false	false	"0.915151515151515"	"0.00606060606060606"
urn:cts:greekLit:tlg5026.msAint.hmt:12.B5.comment	true	false	false	"0.878260869565217"	"0.00869565217391304"
urn:cts:greekLit:tlg5026.msAint.hmt:12.D1.comment	false	false	false	"0.00377358490566038"	"0.00377358490566038"
urn:cts:greekLit:tlg5026.msAint.hmt:12.G1.comment	true	false	false	"0.0153846153846154"	"0.784615384615385"
urn:cts:greekLit:tlg5026.msAint.hmt:12.G2.comment	false	false	false	"0.878260869565217"	"0.00869565217391304"
urn:cts:greekLit:tlg5026.msAint.hmt:12.G3.comment	false	false	false	"0.0153846153846154"	"0.0153846153846154"
urn:cts:greekLit:tlg5026.msAint.hmt:12.G4.comment	false	false	false	"0.00606060606060606"	"0.00606060606060606"
urn:cts:greekLit:tlg5026.msAint.hmt:12.H1.comment	true	false	false	"0.0153846153846154"	"0.0153846153846154"
urn:cts:greekLit:tlg5026.msAint.hmt:12.H2.comment	true	false	false	"0.00465116279069767"	"0.00465116279069767"
urn:cts:greekLit:tlg5026.msAint.hmt:12.H3.comment	false	false	false	"0.00869565217391304"	"0.00869565217391304"
urn:cts:greekLit:tlg5026.msAint.hmt:12.G5.comment	true	false	false	"0.0153846153846154"	"0.0153846153846154"
urn:cts:greekLit:tlg5026.msAint.hmt:12.G6.comment	false	false	false	"0.00606060606060606"	"0.00606060606060606"
urn:cts:greekLit:tlg5026.msAint.hmt:12.G7.comment	false	false	false	"0.784615384615385"	"0.0153846153846154"
urn:cts:greekLit:tlg5026.msAint.hmt:12.G8.comment	false	false	false	"0.0153846153846154"	"0.0153846153846154"
urn:cts:greekLit:tlg5026.msAint.hmt:12.G9.comment	false	false	false	"0.0666666666666667"	"0.0666666666666667"
urn:cts:greekLit:tlg5026.msAint.hmt:12.G10.comment	true	false	false	"0.0153846153846154"	"0.0153846153846154"
urn:cts:greekLit:tlg5026.msAint.hmt:12.H4.comment	false	false	false	"0.878260869565217"	"0.00869565217391304"
urn:cts:greekLit:tlg5026.msAint.hmt:12.H5.comment	true	false	false	"0.00869565217391304"	"0.878260869565217"
urn:cts:greekLit:tlg5026.msAint.hmt:12.G11.comment	true	false	false	"0.00606060606060606"	"0.00606060606060606"
urn:cts:greekLit:tlg5026.msAint.hmt:12.G12.comment	true	false	false	"0.00869565217391304"	"0.00869565217391304"
urn:cts:greekLit:tlg5026.msAint.hmt:12.F1.comment	false	false	false	"0.0666666666666667"	"0.0666666666666667"
urn:cts:greekLit:tlg5026.msAint.hmt:12.F2.comment	false	false	false	"0.00869565217391304"	"0.00869565217391304"
urn:cts:greekLit:tlg5026.msAint.hmt:12.F3.comment	false	false	false	"0.00869565217391304"	"0.00869565217391304"
urn:cts:greekLit:tlg5026.msAint.hmt:12.F4.comment	false	false	false	"0.612121212121212"	"0.00606060606060606"
urn:cts:greekLit:tlg5026.msAint.hmt:12.F5.comment	false	false	false	"0.784615384615385"	"0.0153846153846154"
urn:cts:greekLit:tlg5026.msAint.hmt:12.J1.comment	true	false	false	"0.0153846153846154"	"0.0153846153846154"
urn:cts:greekLit:tlg5026.msAint.hmt:14.B1.comment	false	false	false	"0.702325581395349"	"0.00465116279069767"
urn:cts:greekLit:tlg5026.msAint.hmt:14.B2.comment	false	false	false	"0.878260869565217"	"0.00869565217391304"
urn:cts:greekLit:tlg5026.msAint.hmt:14.B3.comment	false	false	false	"0.0153846153846154"	"0.0153846153846154"
urn:cts:greekLit:tlg5026.msAint.hmt:14.E1.comment	false	false	false	"0.0153846153846154"	"0.0153846153846154"
urn:cts:greekLit:tlg5026.msAint.hmt:14.E2.comment	true	false	false	"0.612121212121212"	"0.309090909090909"
urn:cts:greekLit:tlg5026.msAint.hmt:14.E3.comment	false	false	false	"0.878260869565217"	"0.00869565217391304"
urn:cts:greekLit:tlg5026.msAint.hmt:14.E4.comment	true	false	false	"0.00606060606060606"	"0.00606060606060606"
urn:cts:greekLit:tlg5026.msAint.hmt:14.E5.comment	true	false	false	"0.0666666666666667"	"0.0666666666666667"
urn:cts:greekLit:tlg5026.msAint.hmt:14.E6.comment	false	false	false	"0.00377358490566038"	"0.381132075471698"
urn:cts:greekLit:tlg5026.msAint.hmt:14.E7.comment	false	false	false	"0.0153846153846154"	"0.0153846153846154"
urn:cts:greekLit:tlg5026.msAint.hmt:14.E8.comment	false	false	false	"0.0153846153846154"	"0.0153846153846154"
urn:cts:greekLit:tlg5026.msAint.hmt:14.E9.comment	false	false	false	"0.00869565217391304"	"0.00869565217391304"
urn:cts:greekLit:tlg5026.msAint.hmt:14.E10.comment	true	false	false	"0.00869565217391304"	"0.00869565217391304"
urn:cts:greekLit:tlg5026.msAint.hmt:14.E11.comment	false	false	false	"0.0153846153846154"	"0.0153846153846154"
urn:cts:greekLit:tlg5026.msAint.hmt:14.E12.comment	true	false	false	"0.0153846153846154"	"0.0153846153846154"
urn:cts:greekLit:tlg5026.msAint.hmt:14.G1.comment	true	false	false	"0.00869565217391304"	"0.00869565217391304"
urn:cts:greekLit:tlg5026.msAint.hmt:14.G2.comment	true	true	false	"0.00869565217391304"	"0.878260869565217"
urn:cts:greekLit:tlg5026.msAint.hmt:14.G3.comment	false	false	false	"0.0153846153846154"	"0.0153846153846154"
urn:cts:greekLit:tlg5026.msAint.hmt:14.G4.comment	true	false	false	"0.00606060606060606"	"0.00606060606060606"
urn:cts:greekLit:tlg5026.msAint.hmt:14.C1.comment	true	false	false	"0.00869565217391304"	"0.00869565217391304"
urn:cts:greekLit:tlg5026.msAint.hmt:14.C2.comment	false	false	false	"0.00465116279069767"	"0.00465116279069767"
urn:cts:greekLit:tlg5026.msAint.hmt:14.C3.comment	false	false	false	"0.00606060606060606"	"0.00606060606060606"
urn:cts:greekLit:tlg5026.msAint.hmt:14.C4.comment	false	false	false	"0.915151515151515"	"0.00606060606060606"
urn:cts:greekLit:tlg5026.msAint.hmt:14.C5.comment	true	false	false	"0.00606060606060606"	"0.00606060606060606"
urn:cts:greekLit:tlg5026.msAint.hmt:14.C6.comment	true	false	false	"0.00465116279069767"	"0.00465116279069767"
urn:cts:greekLit:tlg5026.msAint.hmt:14.C7.comment	false	false	false	"0.947169811320755"	"0.00377358490566038"
urn:cts:greekLit:tlg5026.msAint.hmt:14.C8.comment	true	false	false	"0.320634920634921"	"0.00317460317460317"
urn:cts:greekLit:tlg5026.msAint.hmt:14.C9.comment	false	false	false	"0.784615384615385"	"0.0153846153846154"
urn:cts:greekLit:tlg5026.msAint.hmt:14.C10.comment	true	false	false	"0.0153846153846154"	"0.0153846153846154"
urn:cts:greekLit:tlg5026.msAint.hmt:14.C11.comment	false	false	false	"0.934883720930233"	"0.00465116279069767"
urn:cts:greekLit:tlg5026.msAint.hmt:14.H1.comment	false	false	false	"0.00606060606060606"	"0.00606060606060606"
urn:cts:greekLit:tlg5026.msAint.hmt:14.H2.comment	false	false	false	"0.0153846153846154"	"0.0153846153846154"
urn:cts:greekLit:tlg5026.msAint.hmt:14.H3.comment	false	false	false	"0.947169811320755"	"0.00377358490566038"
urn:cts:greekLit:tlg5026.msAint.hmt:14.H4.comment	false	false	false	"0.915151515151515"	"0.00606060606060606"
urn:cts:greekLit:tlg5026.msAint.hmt:14.H5.comment	true	false	false	"0.00377358490566038"	"0.00377358490566038"
urn:cts:greekLit:tlg5026.msAint.hmt:14.A1.comment	false	false	false	"0.784615384615385"	"0.0153846153846154"
urn:cts:greekLit:tlg5026.msAint.hmt:14.A2.comment	true	false	false	"0.00606060606060606"	"0.00606060606060606"
urn:cts:greekLit:tlg5026.msAint.hmt:14.D1.comment	true	false	false	"0.0666666666666667"	"0.0666666666666667"
urn:cts:greekLit:tlg5026.msAint.hmt:14.D2.comment	false	false	false	"0.00869565217391304"	"0.00869565217391304"
urn:cts:greekLit:tlg5026.msAint.hmt:14.D3.comment	true	false	false	"0.00606060606060606"	"0.00606060606060606"
urn:cts:greekLit:tlg5026.msAint.hmt:14.D4.comment	false	false	false	"0.915151515151515"	"0.00606060606060606"
urn:cts:greekLit:tlg5026.msAint.hmt:14.D5.comment	true	false	false	"0.00377358490566038"	"0.00377358490566038"
urn:cts:greekLit:tlg5026.msAint.hmt:14.F1.comment	true	false	false	"0.00606060606060606"	"0.612121212121212"
urn:cts:greekLit:tlg5026.msAint.hmt:15.1.comment	true	false	false	"0.00869565217391304"	"0.00869565217391304"
urn:cts:greekLit:tlg5026.msAint.hmt:15.2.comment	false	false	false	"0.0153846153846154"	"0.0153846153846154"
urn:cts:greekLit:tlg5026.msAint.hmt:15.3.comment	true	false	false	"0.00606060606060606"	"0.00606060606060606"
urn:cts:greekLit:tlg5026.msAint.hmt:15.4.comment	true	false	false	"0.00606060606060606"	"0.00606060606060606"
urn:cts:greekLit:tlg5026.msAint.hmt:15.5.comment	true	false	false	"0.00465116279069767"	"0.00465116279069767"
urn:cts:greekLit:tlg5026.msAint.hmt:15.6.comment	false	false	false	"0.237209302325581"	"0.00465116279069767"
urn:cts:greekLit:tlg5026.msAint.hmt:15.7.comment	false	false	false	"0.00869565217391304"	"0.00869565217391304"
urn:cts:greekLit:tlg5026.msAint.hmt:15.8.comment	false	false	false	"0.878260869565217"	"0.00869565217391304"
urn:cts:greekLit:tlg5026.msAint.hmt:15.9.comment	false	false	false	"0.00869565217391304"	"0.878260869565217"
urn:cts:greekLit:tlg5026.msAint.hmt:15.10.comment	false	false	false	"0.0153846153846154"	"0.784615384615385"
urn:cts:greekLit:tlg5026.msAint.hmt:15.11.comment	true	false	false	"0.00465116279069767"	"0.00465116279069767"
urn:cts:greekLit:tlg5026.msAint.hmt:15.12.comment	true	false	false	"0.00606060606060606"	"0.00606060606060606"
urn:cts:greekLit:tlg5026.msAint.hmt:15.13.comment	true	false	false	"0.00465116279069767"	"0.934883720930233"
urn:cts:greekLit:tlg5026.msAint.hmt:15.14.comment	true	false	false	"0.00465116279069767"	"0.00465116279069767"
urn:cts:greekLit:tlg5026.msAint.hmt:15.15.comment	false	false	false	"0.00869565217391304"	"0.878260869565217"
urn:cts:greekLit:tlg5026.msAint.hmt:15.16.comment	true	false	false	"0.00465116279069767"	"0.702325581395349"
urn:cts:greekLit:tlg5026.msAint.hmt:15.17.comment	true	false	false	"0.00606060606060606"	"0.00606060606060606"
urn:cts:greekLit:tlg5026.msAint.hmt:15.18.comment	true	false	false	"0.00465116279069767"	"0.00465116279069767"
urn:cts:greekLit:tlg5026.msAint.hmt:15.19.comment	true	true	true	"0.00377358490566038"	"0.569811320754717"
urn:cts:greekLit:tlg5026.msAint.hmt:15.20.comment	true	false	false	"0.00465116279069767"	"0.469767441860465"
urn:cts:greekLit:tlg5026.msAint.hmt:15.21.comment	true	false	false	"0.309090909090909"	"0.00606060606060606"
urn:cts:greekLit:tlg5026.msAint.hmt:15.22.comment	true	false	false	"0.00465116279069767"	"0.00465116279069767"
urn:cts:greekLit:tlg5026.msAint.hmt:15.23.comment	true	false	false	"0.00465116279069767"	"0.00465116279069767"
urn:cts:greekLit:tlg5026.msAint.hmt:15.24.comment	true	false	false	"0.00377358490566038"	"0.00377358490566038"
urn:cts:greekLit:tlg5026.msAint.hmt:15.25.comment	true	false	false	"0.00606060606060606"	"0.00606060606060606"
urn:cts:greekLit:tlg5026.msAint.hmt:15.26.comment	false	false	false	"0.612121212121212"	"0.00606060606060606"
urn:cts:greekLit:tlg5026.msAint.hmt:15.27.comment	false	false	false	"0.00465116279069767"	"0.934883720930233"
urn:cts:greekLit:tlg5026.msAint.hmt:15.28.comment	false	false	false	"0.00606060606060606"	"0.00606060606060606"
urn:cts:greekLit:tlg5026.msAint.hmt:15.29.comment	false	false	false	"0.00869565217391304"	"0.00869565217391304"
urn:cts:greekLit:tlg5026.msAint.hmt:15.30.comment	true	false	false	"0.784615384615385"	"0.0153846153846154"
urn:cts:greekLit:tlg5026.msAint.hmt:15.31.comment	false	false	false	"0.0666666666666667"	"0.0666666666666667"
urn:cts:greekLit:tlg5026.msAint.hmt:15.32.comment	false	false	false	"0.00869565217391304"	"0.00869565217391304"
urn:cts:greekLit:tlg5026.msAint.hmt:15.33.comment	false	false	false	"0.00869565217391304"	"0.00869565217391304"
urn:cts:greekLit:tlg5026.msAint.hmt:15.34.comment	false	false	false	"0.00606060606060606"	"0.00606060606060606"
urn:cts:greekLit:tlg5026.msAint.hmt:15.35.comment	true	false	false	"0.00869565217391304"	"0.00869565217391304"
urn:cts:greekLit:tlg5026.msAint.hmt:15.36.comment	true	false	false	"0.00377358490566038"	"0.00377358490566038"
urn:cts:greekLit:tlg5026.msAint.hmt:15.37.comment	false	false	false	"0.934883720930233"	"0.00465116279069767"
urn:cts:greekLit:tlg5026.msAint.hmt:15.38.comment	true	false	false	"0.00606060606060606"	"0.00606060606060606"
urn:cts:greekLit:tlg5026.msAint.hmt:15.39.comment	true	false	false	"0.612121212121212"	"0.00606060606060606"
urn:cts:greekLit:tlg5026.msAint.hmt:15.41.comment	true	false	false	"0.00869565217391304"	"0.00869565217391304"
urn:cts:greekLit:tlg5026.msAint.hmt:15.42.comment	true	false	false	"0.00869565217391304"	"0.00869565217391304"
urn:cts:greekLit:tlg5026.msAint.hmt:15.43.comment	false	false	false	"0.0666666666666667"	"0.0666666666666667"
urn:cts:greekLit:tlg5026.msAint.hmt:15.44.comment	false	false	false	"0.00465116279069767"	"0.00465116279069767"
urn:cts:greekLit:tlg5026.msAint.hmt:15.45.comment	false	false	false	"0.00869565217391304"	"0.00869565217391304"
urn:cts:greekLit:tlg5026.msAint.hmt:15.46.comment	true	false	false	"0.0153846153846154"	"0.0153846153846154"
urn:cts:greekLit:tlg5026.msAint.hmt:15.47.comment	false	false	false	"0.0666666666666667"	"0.0666666666666667"
urn:cts:greekLit:tlg5026.msAint.hmt:15.48.comment	false	false	false	"0.0666666666666667"	"0.0666666666666667"
urn:cts:greekLit:tlg5026.msAint.hmt:15.49.comment	true	false	false	"0.00869565217391304"	"0.00869565217391304"
urn:cts:greekLit:tlg5026.msAint.hmt:15.50.comment	false	false	false	"0.00606060606060606"	"0.00606060606060606"
urn:cts:greekLit:tlg5026.msAint.hmt:15.51.comment	false	false	false	"0.0153846153846154"	"0.0153846153846154"
urn:cts:greekLit:tlg5026.msAint.hmt:15.52.comment	false	false	false	"0.0153846153846154"	"0.0153846153846154"
urn:cts:greekLit:tlg5026.msAint.hmt:15.53.comment	false	false	false	"0.955555555555555"	"0.00317460317460317"
urn:cts:greekLit:tlg5026.msAint.hmt:15.54.comment	false	false	false	"0.0153846153846154"	"0.0153846153846154"
urn:cts:greekLit:tlg5026.msAint.hmt:15.55.comment	false	false	false	"0.0153846153846154"	"0.0153846153846154"
urn:cts:greekLit:tlg5026.msAint.hmt:15.56.comment	true	false	false	"0.00465116279069767"	"0.934883720930233"
urn:cts:greekLit:tlg5026.msAint.hmt:15.57.comment	false	false	false	"0.0153846153846154"	"0.0153846153846154"
urn:cts:greekLit:tlg5026.msAint.hmt:17.1.comment	true	false	false	"0.00869565217391304"	"0.00869565217391304"
urn:cts:greekLit:tlg5026.msAint.hmt:17.2.comment	true	false	false	"0.00606060606060606"	"0.612121212121212"
urn:cts:greekLit:tlg5026.msAint.hmt:17.3.comment	false	false	false	"0.0153846153846154"	"0.0153846153846154"
urn:cts:greekLit:tlg5026.msAint.hmt:17.4.comment	true	false	false	"0.0153846153846154"	"0.0153846153846154"
urn:cts:greekLit:tlg5026.msAint.hmt:17.5.comment	false	false	false	"0.00869565217391304"	"0.00869565217391304"
urn:cts:greekLit:tlg5026.msAint.hmt:17.6.comment	false	false	false	"0.00317460317460317"	"0.00317460317460317"
urn:cts:greekLit:tlg5026.msAint.hmt:17.7.comment	true	false	false	"0.0666666666666667"	"0.0666666666666667"
urn:cts:greekLit:tlg5026.msAint.hmt:17.8.comment	false	false	false	"0.915151515151515"	"0.00606060606060606"
urn:cts:greekLit:tlg5026.msAint.hmt:17.9.comment	false	false	false	"0.00869565217391304"	"0.00869565217391304"
urn:cts:greekLit:tlg5026.msAint.hmt:17.10.comment	false	false	false	"0.0153846153846154"	"0.0153846153846154"
urn:cts:greekLit:tlg5026.msAint.hmt:17.11.comment	false	false	false	"0.00465116279069767"	"0.00465116279069767"
urn:cts:greekLit:tlg5026.msAint.hmt:17.12.comment	false	false	false	"0.00465116279069767"	"0.00465116279069767"
urn:cts:greekLit:tlg5026.msAint.hmt:17.13.comment	false	false	false	"0.00869565217391304"	"0.00869565217391304"
urn:cts:greekLit:tlg5026.msAint.hmt:17.14.comment	false	false	false	"0.00869565217391304"	"0.00869565217391304"
urn:cts:greekLit:tlg5026.msAint.hmt:17.15.comment	false	false	false	"0.00465116279069767"	"0.00465116279069767"
urn:cts:greekLit:tlg5026.msAint.hmt:17.16.comment	false	false	false	"0.00869565217391304"	"0.00869565217391304"
urn:cts:greekLit:tlg5026.msAint.hmt:17.17.comment	false	false	false	"0.0666666666666667"	"0.0666666666666667"
urn:cts:greekLit:tlg5026.msAint.hmt:17.18.comment	true	true	true	"0.00377358490566038"	"0.381132075471698"
urn:cts:greekLit:tlg5026.msAint.hmt:17.19.comment	false	false	false	"0.0153846153846154"	"0.0153846153846154"
urn:cts:greekLit:tlg5026.msAint.hmt:17.20.comment	false	false	false	"0.0666666666666667"	"0.0666666666666667"
urn:cts:greekLit:tlg5026.msAint.hmt:17.21.comment	true	false	false	"0.878260869565217"	"0.00869565217391304"
urn:cts:greekLit:tlg5026.msAint.hmt:17.22.comment	false	false	false	"0.00606060606060606"	"0.00606060606060606"
urn:cts:greekLit:tlg5026.msAint.hmt:17.23.comment	false	false	false	"0.00606060606060606"	"0.00606060606060606"
urn:cts:greekLit:tlg5026.msAint.hmt:17.24.comment	false	false	false	"0.00465116279069767"	"0.934883720930233"
urn:cts:greekLit:tlg5026.msAint.hmt:17.25.comment	false	false	false	"0.237209302325581"	"0.00465116279069767"
urn:cts:greekLit:tlg5026.msAint.hmt:17.26.comment	true	false	false	"0.00465116279069767"	"0.00465116279069767"
urn:cts:greekLit:tlg5026.msAint.hmt:17.27.comment	false	false	false	"0.0666666666666667"	"0.0666666666666667"
urn:cts:greekLit:tlg5026.msAint.hmt:17.28.comment	true	false	false	"0.00869565217391304"	"0.00869565217391304"
urn:cts:greekLit:tlg5026.msAint.hmt:17.29.comment	true	false	false	"0.0153846153846154"	"0.784615384615385"
urn:cts:greekLit:tlg5026.msAint.hmt:17.30.comment	false	false	false	"0.161904761904762"	"0.00317460317460317"
urn:cts:greekLit:tlg5026.msAint.hmt:17.31.comment	false	false	false	"0.00869565217391304"	"0.878260869565217"
urn:cts:greekLit:tlg5026.msAint.hmt:17.32.comment	true	false	false	"0.00606060606060606"	"0.00606060606060606"
urn:cts:greekLit:tlg5026.msAint.hmt:17.33.comment	false	false	false	"0.0153846153846154"	"0.0153846153846154"
urn:cts:greekLit:tlg5026.msAint.hmt:17.34.comment	true	false	false	"0.00606060606060606"	"0.00606060606060606"
urn:cts:greekLit:tlg5026.msAint.hmt:17.35.comment	false	false	false	"0.0153846153846154"	"0.0153846153846154"
urn:cts:greekLit:tlg5026.msAint.hmt:17.36.comment	false	false	false	"0.00869565217391304"	"0.00869565217391304"
urn:cts:greekLit:tlg5026.msAint.hmt:17.37.comment	false	false	false	"0.0153846153846154"	"0.0153846153846154"
urn:cts:greekLit:tlg5026.msAint.hmt:17.38.comment	false	false	false	"0.00869565217391304"	"0.878260869565217"
urn:cts:greekLit:tlg5026.msAint.hmt:17.39.comment	true	false	false	"0.00869565217391304"	"0.00869565217391304"
urn:cts:greekLit:tlg5026.msAint.hmt:17.40.comment	false	false	false	"0.443478260869565"	"0.00869565217391304"
urn:cts:greekLit:tlg5026.msAint.hmt:17.41.comment	false	false	false	"0.00606060606060606"	"0.915151515151515"
urn:cts:greekLit:tlg5026.msAint.hmt:18.1.comment	false	false	false	"0.00869565217391304"	"0.00869565217391304"
urn:cts:greekLit:tlg5026.msAint.hmt:18.2.comment	false	false	false	"0.00869565217391304"	"0.00869565217391304"
urn:cts:greekLit:tlg5026.msAint.hmt:18.3.comment	true	false	false	"0.00606060606060606"	"0.00606060606060606"
urn:cts:greekLit:tlg5026.msAint.hmt:18.4.comment	false	false	false	"0.00465116279069767"	"0.00465116279069767"
urn:cts:greekLit:tlg5026.msAint.hmt:18.5.comment	false	false	false	"0.00317460317460317"	"0.00317460317460317"
urn:cts:greekLit:tlg5026.msAint.hmt:18.6.comment	false	false	false	"0.0153846153846154"	"0.0153846153846154"
urn:cts:greekLit:tlg5026.msAint.hmt:18.7.comment	false	false	false	"0.0153846153846154"	"0.784615384615385"
urn:cts:greekLit:tlg5026.msAint.hmt:18.8.comment	true	false	false	"0.0153846153846154"	"0.0153846153846154"
urn:cts:greekLit:tlg5026.msAint.hmt:18.9.comment	false	false	false	"0.0153846153846154"	"0.0153846153846154"
urn:cts:greekLit:tlg5026.msAint.hmt:18.10.comment	false	false	false	"0.00377358490566038"	"0.00377358490566038"
urn:cts:greekLit:tlg5026.msAint.hmt:18.11.comment	true	false	false	"0.0153846153846154"	"0.0153846153846154"
urn:cts:greekLit:tlg5026.msAint.hmt:18.12.comment	true	false	false	"0.878260869565217"	"0.00869565217391304"
urn:cts:greekLit:tlg5026.msAint.hmt:18.13.comment	false	false	false	"0.878260869565217"	"0.00869565217391304"
urn:cts:greekLit:tlg5026.msAint.hmt:18.14.comment	false	false	false	"0.00869565217391304"	"0.00869565217391304"
urn:cts:greekLit:tlg5026.msAint.hmt:18.15.comment	false	false	false	"0.00869565217391304"	"0.00869565217391304"
urn:cts:greekLit:tlg5026.msAint.hmt:18.16.comment	false	false	false	"0.00465116279069767"	"0.00465116279069767"
urn:cts:greekLit:tlg5026.msAint.hmt:18.17.comment	true	false	false	"0.934883720930233"	"0.00465116279069767"
urn:cts:greekLit:tlg5026.msAint.hmt:18.18.comment	false	false	false	"0.0666666666666667"	"0.0666666666666667"
urn:cts:greekLit:tlg5026.msAint.hmt:18.19.comment	false	false	false	"0.00465116279069767"	"0.702325581395349"
urn:cts:greekLit:tlg5026.msAint.hmt:18.20.comment	true	false	false	"0.784615384615385"	"0.0153846153846154"
urn:cts:greekLit:tlg5026.msAint.hmt:18.21.comment	false	false	false	"0.00606060606060606"	"0.00606060606060606"
urn:cts:greekLit:tlg5026.msAint.hmt:18.22.comment	false	false	false	"0.00869565217391304"	"0.00869565217391304"
urn:cts:greekLit:tlg5026.msAint.hmt:18.23.comment	false	false	false	"0.00606060606060606"	"0.00606060606060606"
urn:cts:greekLit:tlg5026.msAint.hmt:18.24.comment	false	false	false	"0.00869565217391304"	"0.00869565217391304"
urn:cts:greekLit:tlg5026.msAint.hmt:18.25.comment	false	false	false	"0.00606060606060606"	"0.00606060606060606"
urn:cts:greekLit:tlg5026.msAint.hmt:18.26.comment	false	false	false	"0.00869565217391304"	"0.00869565217391304"
urn:cts:greekLit:tlg5026.msAint.hmt:18.27.comment	false	false	false	"0.00465116279069767"	"0.00465116279069767"
urn:cts:greekLit:tlg5026.msAint.hmt:18.28.comment	false	false	false	"0.00869565217391304"	"0.00869565217391304"
urn:cts:greekLit:tlg5026.msAint.hmt:18.29.comment	false	false	false	"0.0666666666666667"	"0.0666666666666667"
urn:cts:greekLit:tlg5026.msAint.hmt:18.30.comment	false	false	false	"0.00869565217391304"	"0.00869565217391304"
urn:cts:greekLit:tlg5026.msAint.hmt:18.31.comment	false	false	false	"0.0666666666666667"	"0.0666666666666667"
urn:cts:greekLit:tlg5026.msAint.hmt:18.32.comment	false	false	false	"0.00606060606060606"	"0.00606060606060606"
urn:cts:greekLit:tlg5026.msAint.hmt:18.33.comment	false	false	false	"0.00606060606060606"	"0.00606060606060606"
urn:cts:greekLit:tlg5026.msAint.hmt:18.34.comment	false	false	false	"0.00606060606060606"	"0.00606060606060606"
urn:cts:greekLit:tlg5026.msAint.hmt:18.35.comment	false	false	false	"0.00465116279069767"	"0.00465116279069767"
urn:cts:greekLit:tlg5026.msAint.hmt:18.36.comment	false	false	false	"0.00606060606060606"	"0.00606060606060606"
urn:cts:greekLit:tlg5026.msAint.hmt:18.37.comment	false	false	false	"0.878260869565217"	"0.00869565217391304"
urn:cts:greekLit:tlg5026.msAint.hmt:18.38.comment	false	false	false	"0.569811320754717"	"0.00377358490566038"
urn:cts:greekLit:tlg5026.msAint.hmt:18.39.comment	false	false	false	"0.00606060606060606"	"0.00606060606060606"
urn:cts:greekLit:tlg5026.msAint.hmt:18.40.comment	true	false	false	"0.0021505376344086"	"0.0021505376344086"
urn:cts:greekLit:tlg5026.msAint.hmt:18.41.comment	false	false	false	"0.00317460317460317"	"0.00317460317460317"
urn:cts:greekLit:tlg5026.msAint.hmt:18.56.comment	true	false	false	"0.0153846153846154"	"0.0153846153846154"
urn:cts:greekLit:tlg5026.msAint.hmt:18.57.comment	false	false	false	"0.469767441860465"	"0.00465116279069767"
urn:cts:greekLit:tlg5026.msAint.hmt:18.58.comment	false	false	false	"0.00317460317460317"	"0.00317460317460317"
urn:cts:greekLit:tlg5026.msAint.hmt:18.42.comment	false	false	false	"0.0153846153846154"	"0.0153846153846154"
urn:cts:greekLit:tlg5026.msAint.hmt:18.43.comment	false	false	false	"0.0153846153846154"	"0.0153846153846154"
urn:cts:greekLit:tlg5026.msAint.hmt:18.44.comment	false	false	false	"0.00869565217391304"	"0.00869565217391304"
urn:cts:greekLit:tlg5026.msAint.hmt:18.45.comment	true	false	false	"0.00377358490566038"	"0.00377358490566038"
urn:cts:greekLit:tlg5026.msAint.hmt:18.46.comment	false	false	false	"0.00606060606060606"	"0.612121212121212"
urn:cts:greekLit:tlg5026.msAint.hmt:18.47.comment	false	false	false	"0.784615384615385"	"0.0153846153846154"
urn:cts:greekLit:tlg5026.msAint.hmt:18.48.comment	true	false	false	"0.00465116279069767"	"0.00465116279069767"
urn:cts:greekLit:tlg5026.msAint.hmt:18.49.comment	false	false	false	"0.915151515151515"	"0.00606060606060606"
urn:cts:greekLit:tlg5026.msAint.hmt:18.50.comment	false	false	false	"0.784615384615385"	"0.0153846153846154"
urn:cts:greekLit:tlg5026.msAint.hmt:18.51.comment	false	false	false	"0.878260869565217"	"0.00869565217391304"
urn:cts:greekLit:tlg5026.msAint.hmt:18.52.comment	true	false	false	"0.00606060606060606"	"0.00606060606060606"
urn:cts:greekLit:tlg5026.msAint.hmt:18.53.comment	false	false	false	"0.0153846153846154"	"0.0153846153846154"
urn:cts:greekLit:tlg5026.msAint.hmt:18.54.comment	true	false	false	"0.0153846153846154"	"0.0153846153846154"
urn:cts:greekLit:tlg5026.msAint.hmt:18.55.comment	false	false	false	"0.00317460317460317"	"0.638095238095238"
urn:cts:greekLit:tlg5026.msAint.hmt:19.2015office4_1.comment	false	false	false	"0.00465116279069767"	"0.00465116279069767"
urn:cts:greekLit:tlg5026.msAint.hmt:19.2015office4_2.comment	true	false	false	"0.784615384615385"	"0.0153846153846154"
urn:cts:greekLit:tlg5026.msAint.hmt:19.2015office4_3.comment	true	false	false	"0.00465116279069767"	"0.00465116279069767"
urn:cts:greekLit:tlg5026.msAint.hmt:19.2015office5_1.comment	true	false	false	"0.0153846153846154"	"0.0153846153846154"
urn:cts:greekLit:tlg5026.msAint.hmt:19.2015office9_1.comment	false	false	false	"0.00606060606060606"	"0.00606060606060606"
urn:cts:greekLit:tlg5026.msAint.hmt:19.2015office9_2.comment	true	false	false	"0.00606060606060606"	"0.00606060606060606"
urn:cts:greekLit:tlg5026.msAint.hmt:19.2015office9_3.comment	false	false	false	"0.00869565217391304"	"0.00869565217391304"
urn:cts:greekLit:tlg5026.msAint.hmt:19.2015office9_4.comment	false	false	false	"0.878260869565217"	"0.00869565217391304"
urn:cts:greekLit:tlg5026.msAint.hmt:19.2015office9_5.comment	false	false	false	"0.00606060606060606"	"0.00606060606060606"
urn:cts:greekLit:tlg5026.msAint.hmt:19.2015office9_6.comment	false	false	false	"0.309090909090909"	"0.00606060606060606"
urn:cts:greekLit:tlg5026.msAint.hmt:19.2015office9_7.comment	true	false	false	"0.00869565217391304"	"0.878260869565217"
urn:cts:greekLit:tlg5026.msAint.hmt:19.2015office10_1.comment	false	false	false	"0.0153846153846154"	"0.0153846153846154"
urn:cts:greekLit:tlg5026.msAint.hmt:19.2015office10_2.comment	false	false	false	"0.00465116279069767"	"0.00465116279069767"
urn:cts:greekLit:tlg5026.msAint.hmt:19.2015office10_3.comment	false	false	false	"0.784615384615385"	"0.0153846153846154"
urn:cts:greekLit:tlg5026.msAint.hmt:19.2015office10_4.comment	false	false	false	"0.915151515151515"	"0.00606060606060606"
urn:cts:greekLit:tlg5026.msAint.hmt:19.hc_1.comment	false	false	false	"0.878260869565217"	"0.00869565217391304"
urn:cts:greekLit:tlg5026.msAint.hmt:19.hc_2.comment	true	false	false	"0.00869565217391304"	"0.443478260869565"
urn:cts:greekLit:tlg5026.msAint.hmt:19.hc_3.comment	true	false	false	"0.0153846153846154"	"0.0153846153846154"
urn:cts:greekLit:tlg5026.msAint.hmt:19.hc_4.comment	true	false	false	"0.878260869565217"	"0.00869565217391304"
urn:cts:greekLit:tlg5026.msAint.hmt:19.hc_5.comment	false	false	false	"0.0153846153846154"	"0.0153846153846154"
